1	3	"TRIA"	"trēs, ium"	"three;"	496
2	3	"SYMBOLA"	"sȳmbŏla, ae, f."	"contribution for common meal/feast; contributing of that sum;"	3
3	3	"catholica"	"unknown"	""	
4	3	"seu"	"sēu, conj. sub."	"or if; or; [sive ... sive => whether ... or, either ... or];"	151
5	3	"oecumenica"	"unknown"	""	
6	3	"Symbolum"	"sȳmbŏlus, i, m."	"pièce justificative d'identité, signe de reconnaissance"	5
7	3	"Apostolicum"	"unknown"	""	
8	2	"Credo"	"crēdo, is, ere, didi, ditum"	"- to trust, entrust; to commit/consign; to believe, trust in, rely on, confide; to suppose; sure;"	1822
9	1	"in"	"ĭn, īndŭ, prép. + acc. ou + abl."	"in, into, on"	30083
10	2	"Deum"	"dĕus, i, m."	"a god, a deity"	2679
11	2	"Patrem"	"pătĕr, tris, m."	"father; [pater familias, patris familias => head of family/household];"	2272
11	3	"Patrem"	"pātro, as, are"	"to accomplish, bring to completion;"	30
12	3	"omnipotentem"	"ōmnĭpŏtēns, entis"	"all-powerful, omnipotent;"	26
13	3	"Creatorem"	"crĕātŏr, oris, m."	"creator (of world); maker, author; founder (city); father; one who appoints;"	3
14	2	"caeli"	"cāelŭm, cōelum, i, n."	"- chisel; engraving tool; burin; - heaven, sky, heavens; space; air, climate, weather; universe, world; Jehovah;"	940
14	3	"caeli"	"cāelus, i, m."	"ciel, Ciel (fils d'Éther et de Dies, père de Saturne)"	4
15	1	"et"	"ĕt, conj. adv."	"and, and even; also, even; (et ... et = both ... and);"	42726
16	2	"terrae"	"tērra, ae, f."	"earth, land, ground; country, region;"	1737
17	1	"Et"	"ĕt, conj. adv."	"and, and even; also, even; (et ... et = both ... and);"	42726
18	1	"in"	"ĭn, īndŭ, prép. + acc. ou + abl."	"in, into, on"	30083
19	3	"Iesum"	"Jēsūs, npr. m."	"Jésus"	0
20	3	"Christum"	"Chrīstus, i, m."	"Christ;"	5
21	2	"Filium"	"fīlĭus, ii, m."	"son;"	1091
22	1	"eius"	"ĭs, ea, id, adj. et pron."	"he/she/it/they (by GENDER/NUMBER); DEMONST that, he/she/it, they/them;"	18209
23	3	"unicum"	"ūnĭcus, a, um"	"only, sole, single, singular, unique; uncommon, unparalleled; one of a kind;"	94
24	2	"Dominum"	"dŏmĭnus, i, m."	"owner, lord, master; the Lord; title for ecclesiastics/gentlemen;"	675
24	3	"Dominum"	"Dŏmĭnus, i, m."	"Seigneur"	0
25	2	"nostrum"	"nōstĕr, tra, trum, adj. pron."	"our;"	2823
25	2	"nostrum"	"nōs, nostrum pron. pl."	"we (pl.), us;"	3244
26	1	"qui"	"quī, quae, quod, pron. rel."	"who; that; which, what; of which kind/degree; person/thing/time/point that"	41601
26	1	"qui"	"quĭs, quae, quid, pron. interr."	"who? which? what? what man?"	13642
26	3	"qui"	"quī, adv."	"how?; how so; in what way; by what/which means; whereby; at whatever price;"	193
26	3	"qui"	"quĕo, is, ire, ii ou iui, itum"	"to be able;"	191
27	3	"conceptus"	"cōncĭpĭo, is, ere, cepi, ceptum"	"- to take in/up, receive, catch; to derive/draw (from); to contain/hold; to grasp; to adopt; - to form, devise; to understand, imagine; to conceive, be mother of; to utter (oath)"	169
27	3	"conceptus"	"cōncēptus, us, m."	"conceived, imagined; understood, adopted; [verba ~ => solemn/formal utterance];"	4
28	1	"est"	"sŭm, es, esse, fui"	"to be; to exist; (also used to form verb perfect passive tenses) with NOM PERF PPL"	40916
28	3	"est"	"ĕdo, edis, esse, edi, esum"	"to eat/consume/devour; to eat away (fire/water/disease); to destroy; to spend money on"	99
29	1	"de"	"dē, prép. + abl."	"down/away from, from, off; about, of, concerning; according to; with regard to;"	6164
30	3	"Spiritu"	"spīrĭtus, us, m."	"breath, breathing, air, soul, life;"	257
31	3	"Sancto"	"sānctus, a, um"	"consecrated, sacred, inviolable; venerable, august, divine, holy, pious, just;"	320
31	3	"Sancto"	"sāncĭo, is, ire, sanxi, sanctum"	"to confirm, ratify; to sanction; to fulfill (prophesy); to enact (law); to ordain; to dedicate;"	66
31	3	"Sancto"	"Sānctus, i, m."	"Severus Sanctus (poète bucolique chrétien)"	3
31	3	"Sancto"	"sānctum, i, n."	"a holy place"	3
32	3	"natus"	"nātus, i, m."	"born, arisen; made; destined; designed, intended, produced by nature; aged,"	318
32	2	"natus"	"nāscŏr, eris, i, natus sum"	"to be born, to be begotten"	502
32	3	"natus"	"nātŭs, us, m."	"birth;"	53
32	3	"natus"	"nātus, a, um"	"born;"	76
32	3	"natus"	"nō, as, are"	"to swim, float;"	43
33	1	"ex"	"ēx, prép. + abl."	"out of, from; by reason of; according to; because of, as a result of;"	6934
34	2	"Maria"	"mărĕ, is, n."	"sea; sea water;"	1083
35	3	"virgine"	"vīrgō, ginis, f."	"maiden, young woman, girl of marriageable age; virgin, woman sexually intact;"	317
36	2	"passus"	"pătĭŏr, eris, i, passus sum"	"to suffer; to allow; to undergo, endure; to permit"	907
36	3	"passus"	"pāssus, us, m."	"spread out; outstretched; dried;"	168
36	3	"passus"	"pāndo, is, ere, pandi, passum"	"to spread out [passis manibus => with hands outstretched];"	99
36	3	"passus"	"pāssus, a, um"	"outspread, outstretched, extended, open."	8
37	2	"sub"	"sŭb, prép. + acc. / abl."	"under; up to, up under, close to (of motion); until, before, up to, about;"	1055
38	3	"Pontio"	"Pōntĭus, i, m."	"Pontius; Roman gens; a Sammite leader; (P~ Pilatus, prefect of Judea 26-36 AD);"	9
39	3	"Pilato"	"Pīlātus, i, m."	"Pilatus; (Roman cognomen); [Pontius ~ (Pilate) => prefect Judea, 26-36 AD];"	2
40	3	"crucifixus"	"unknown"	""	
41	2	"mortuus"	"mŏrĭŏr, eris, i, mortuus sum"	"to die"	593
41	3	"mortuus"	"mōrtŭus, i, m."	"a dead person, dead man"	50
41	3	"mortuus"	"mōrtŭus, a, um"	"dead, deceased; limp;"	40
42	1	"et"	"ĕt, conj. adv."	"and, and even; also, even; (et ... et = both ... and);"	42726
43	3	"sepultus"	"sĕpĕlĭo, is, ire, iui"	"to bury/inter; (Romans cremate + inter ashes); to submerge, overcome; to suppress; to ruin;"	0
44	3	"descendit"	"dēscēndo, is, ere, di, sum"	"to descend, climb/march/come/go/flow/run/hang down; to dismount; to penetrate/sink;"	227
45	1	"ad"	"ăd, prép. + acc."	"to, up to, towards; near, at; until, on, by; almost; according to; about w/NUM;"	11922
46	3	"inferna"	"īnfērnus, a, um"	"lower, under; underground, of the lower regions, infernal; of hell;"	64
46	3	"inferna"	"īnfērna, orum, n."	"les enfers, parties inférieures, bas ventre"	4
47	3	"tertia"	"tērtĭus, a, um"	"the third"	447
47	3	"tertia"	"tērtĭō, as, are"	"thirdly;"	0
48	2	"die"	"dĭes, ei, m. et f."	"day; daylight; (sunlit hours); (24 hours from midnight); open sky; weather;"	2928
48	3	"die"	"dīus, a, um"	"of or belonging to a deity, divine."	9
49	3	"resurrexit"	"rĕsūrgo, is, ere, rexi, rectum"	"to rise/appear again; to rare up again, lift oneself, be restored/rebuilt, revive;"	33
50	1	"a"	"ā, ăb, ābs, prép. + abl."	"by (agent), from (departure, cause, remote origin/time); after (reference);"	5874
50	3	"a"	"ā, interj."	"ah! alas! ha! ah me!"	91
51	2	"mortuis"	"mŏrĭŏr, eris, i, mortuus sum"	"to die"	593
51	3	"mortuis"	"mōrtŭus, i, m."	"a dead person, dead man"	50
51	3	"mortuis"	"mōrtŭus, a, um"	"dead, deceased; limp;"	40
52	3	"ascendit"	"āscēndo, is, ere, ascendi, ascensum"	"to climb; to go/climb up; to mount, scale; to mount up, embark; to rise, ascend, move upward;"	101
53	1	"ad"	"ăd, prép. + acc."	"to, up to, towards; near, at; until, on, by; almost; according to; about w/NUM;"	11922
54	2	"caelos"	"cāelŭm, cōelum, i, n."	"- chisel; engraving tool; burin; - heaven, sky, heavens; space; air, climate, weather; universe, world; Jehovah;"	940
54	3	"caelos"	"cāelus, i, m."	"ciel, Ciel (fils d'Éther et de Dies, père de Saturne)"	4
55	3	"sedet"	"sĕdĕo, es, ere, sedi, sessum"	"to sit, remain; to settle; to encamp;"	373
55	3	"sedet"	"sēdo, as, are"	"to settle, allay; to restrain; to calm down;"	51
56	1	"ad"	"ăd, prép. + acc."	"to, up to, towards; near, at; until, on, by; almost; according to; about w/NUM;"	11922
57	3	"dexteram"	"dēxtră, dēxtĕra, ou dextera, ae, f."	"on the right of; on the right-hand side of;"	283
58	2	"Dei"	"dĕus, i, m."	"a god, a deity"	2679
59	2	"Patris"	"pătĕr, tris, m."	"father; [pater familias, patris familias => head of family/household];"	2272
59	2	"Patris"	"pā̆trĭa, ae, f. sing."	"native land; home, native city; one's country;"	708
59	3	"Patris"	"pā̆trĭus, a, um"	"father's, paternal; ancestral;"	332
59	3	"Patris"	"Pā̆trāe, arum, f."	"a very ancient city in Achaia, on the promontory of Rhium, Patras"	2
60	3	"omnipotentis"	"ōmnĭpŏtēns, entis"	"all-powerful, omnipotent;"	26
61	2	"inde"	"īndĕ, adv."	"thence, thenceforth; from that place/time/cause; thereupon;"	728
61	3	"inde"	"īndo, is, ere, indidi, inditum"	"to put in or on; to introduce;"	100
62	2	"venturus"	"vĕnĭo, is, ire, ueni, uentum"	"to come;"	2796
63	1	"est"	"sŭm, es, esse, fui"	"to be; to exist; (also used to form verb perfect passive tenses) with NOM PERF PPL"	40916
63	3	"est"	"ĕdo, edis, esse, edi, esum"	"to eat/consume/devour; to eat away (fire/water/disease); to destroy; to spend money on"	99
64	2	"iudicare"	"jūdĭco, as, are"	"to judge, give judgment; to sentence; to conclude, decide; to declare, appraise;"	905
65	3	"vivos"	"vīvus, a, um"	"alive, fresh; living;"	257
65	3	"vivos"	"vīvus, i, m."	"a living man"	34
66	1	"et"	"ĕt, conj. adv."	"and, and even; also, even; (et ... et = both ... and);"	42726
67	2	"mortuos"	"mŏrĭŏr, eris, i, mortuus sum"	"to die"	593
67	3	"mortuos"	"mōrtŭus, i, m."	"a dead person, dead man"	50
67	3	"mortuos"	"mōrtŭus, a, um"	"dead, deceased; limp;"	40
68	2	"Credo"	"crēdo, is, ere, didi, ditum"	"- to trust, entrust; to commit/consign; to believe, trust in, rely on, confide; to suppose; sure;"	1822
69	1	"in"	"ĭn, īndŭ, prép. + acc. ou + abl."	"in, into, on"	30083
70	3	"Spiritum"	"spīrĭtus, us, m."	"breath, breathing, air, soul, life;"	257
71	3	"Sanctum"	"sānctus, a, um"	"consecrated, sacred, inviolable; venerable, august, divine, holy, pious, just;"	320
71	3	"Sanctum"	"sāncĭo, is, ire, sanxi, sanctum"	"to confirm, ratify; to sanction; to fulfill (prophesy); to enact (law); to ordain; to dedicate;"	66
71	3	"Sanctum"	"Sānctus, i, m."	"Severus Sanctus (poète bucolique chrétien)"	3
71	3	"Sanctum"	"sānctum, i, n."	"a holy place"	3
72	3	"sanctam"	"sānctus, a, um"	"consecrated, sacred, inviolable; venerable, august, divine, holy, pious, just;"	320
72	3	"sanctam"	"sāncĭo, is, ire, sanxi, sanctum"	"to confirm, ratify; to sanction; to fulfill (prophesy); to enact (law); to ordain; to dedicate;"	66
73	3	"ecclesiam"	"ēcclē̆sĭa, ae, f."	"an assembly of the (Greek) people."	2
74	3	"catholicam"	"unknown"	""	
75	3	"sanctorum"	"sānctus, a, um"	"consecrated, sacred, inviolable; venerable, august, divine, holy, pious, just;"	320
75	3	"sanctorum"	"sāncĭo, is, ire, sanxi, sanctum"	"to confirm, ratify; to sanction; to fulfill (prophesy); to enact (law); to ordain; to dedicate;"	66
75	3	"sanctorum"	"sānctum, i, n."	"a holy place"	3
75	3	"sanctorum"	"sānctŏr, ōris, m."	"an establisher, ordainer"	2
76	3	"communionem"	"cōmmūnĭo, ōnis, f."	"a communion, mutual participation"	6
77	3	"remissionem"	"rĕmīssĭo, ōnis, f."	"a sending back, away, releasing"	30
78	3	"peccatorum"	"pēccātum, i, n."	"a fault, error, mistake, transgression, sin"	98
78	3	"peccatorum"	"pēcco, as, are"	"to sin; to do wrong, commit moral offense; to blunder, stumble; to be wrong;"	248
79	3	"carnis"	"cărō̆, carnis, f."	"meat, flesh; the_body; pulpy/fleshy/soft parts (plant), sapwood; low passions;"	47
80	3	"resurrectionem"	"unknown"	""	
81	1	"et"	"ĕt, conj. adv."	"and, and even; also, even; (et ... et = both ... and);"	42726
82	2	"vitam"	"vīta, ae, f."	"life, career, livelihood; mode of life;"	2080
83	3	"aeternam"	"āetērnus, a, um"	"eternal/everlasting/imperishable; perpetual, w/out start/end; [in ~=>forever];"	232
84	3	"amen"	"unknown"	""	
85	3	"Symbolum"	"sȳmbŏlus, i, m."	"pièce justificative d'identité, signe de reconnaissance"	5
86	3	"Nicaenum"	"unknown"	""	
87	2	"Credo"	"crēdo, is, ere, didi, ditum"	"- to trust, entrust; to commit/consign; to believe, trust in, rely on, confide; to suppose; sure;"	1822
88	1	"in"	"ĭn, īndŭ, prép. + acc. ou + abl."	"in, into, on"	30083
89	2	"unum"	"ūnus, a, um, sing."	"alone, a single/sole; some, some one; only (pl.); one set of (denoting entity);"	3148
90	2	"Deum"	"dĕus, i, m."	"a god, a deity"	2679
91	2	"Patrem"	"pătĕr, tris, m."	"father; [pater familias, patris familias => head of family/household];"	2272
91	3	"Patrem"	"pātro, as, are"	"to accomplish, bring to completion;"	30
92	3	"omnipotentem"	"ōmnĭpŏtēns, entis"	"all-powerful, omnipotent;"	26
93	3	"Factorem"	"fāctŏr, ōris, m."	"a maker, doer, performer, perpetrator"	8
94	2	"caeli"	"cāelŭm, cōelum, i, n."	"- chisel; engraving tool; burin; - heaven, sky, heavens; space; air, climate, weather; universe, world; Jehovah;"	940
94	3	"caeli"	"cāelus, i, m."	"ciel, Ciel (fils d'Éther et de Dies, père de Saturne)"	4
95	1	"et"	"ĕt, conj. adv."	"and, and even; also, even; (et ... et = both ... and);"	42726
96	2	"terrae"	"tērra, ae, f."	"earth, land, ground; country, region;"	1737
97	3	"visibilium"	"unknown"	""	
98	2	"omnium"	"ōmnĭs, e"	"all men (pl.), all persons;"	2203
98	3	"omnium"	"ōmne, is, n."	"every thing"	0
99	1	"et"	"ĕt, conj. adv."	"and, and even; also, even; (et ... et = both ... and);"	42726
100	3	"invisibilium"	"unknown"	""	
101	1	"Et"	"ĕt, conj. adv."	"and, and even; also, even; (et ... et = both ... and);"	42726
102	1	"in"	"ĭn, īndŭ, prép. + acc. ou + abl."	"in, into, on"	30083
103	2	"unum"	"ūnus, a, um, sing."	"alone, a single/sole; some, some one; only (pl.); one set of (denoting entity);"	3148
104	2	"Dominum"	"dŏmĭnus, i, m."	"owner, lord, master; the Lord; title for ecclesiastics/gentlemen;"	675
104	3	"Dominum"	"Dŏmĭnus, i, m."	"Seigneur"	0
105	3	"Iesum"	"Jēsūs, npr. m."	"Jésus"	0
106	3	"Christum"	"Chrīstus, i, m."	"Christ;"	5
107	2	"Filium"	"fīlĭus, ii, m."	"son;"	1091
108	2	"Dei"	"dĕus, i, m."	"a god, a deity"	2679
109	3	"unigenitum"	"ūnĭgĕnĭtus, a, um"	"only begotten; only;"	0
110	1	"et"	"ĕt, conj. adv."	"and, and even; also, even; (et ... et = both ... and);"	42726
111	1	"ex"	"ēx, prép. + abl."	"out of, from; by reason of; according to; because of, as a result of;"	6934
112	2	"Patre"	"pătĕr, tris, m."	"father; [pater familias, patris familias => head of family/household];"	2272
113	3	"natum"	"nātus, i, m."	"born, arisen; made; destined; designed, intended, produced by nature; aged,"	318
113	2	"natum"	"nāscŏr, eris, i, natus sum"	"to be born, to be begotten"	502
113	3	"natum"	"nātŭs, us, m."	"birth;"	53
113	3	"natum"	"nātus, a, um"	"born;"	76
113	3	"natum"	"nō, as, are"	"to swim, float;"	43
114	2	"ante"	"āntĕ, prép. +acc."	"in front/presence of, in view; before (space/time/degree); over against,"	942
114	3	"ante"	"āntēs, ium, m."	"rows, ranks"	3
115	2	"omnia"	"ōmnĭs, e"	"all men (pl.), all persons;"	2203
115	3	"omnia"	"ōmne, is, n."	"every thing"	0
116	3	"saecula"	"sāecŭlŭm, i, n."	"time; past/present/future (Plater); [in ~ => forever];"	190
117	2	"Deum"	"dĕus, i, m."	"a god, a deity"	2679
118	1	"de"	"dē, prép. + abl."	"down/away from, from, off; about, of, concerning; according to; with regard to;"	6164
119	2	"Deo"	"dĕus, i, m."	"a god, a deity"	2679
120	3	"lumen"	"lūmĕn, inis, n."	"light; lamp, torch; eye (of a person); life; day, daylight;"	459
121	1	"de"	"dē, prép. + abl."	"down/away from, from, off; about, of, concerning; according to; with regard to;"	6164
122	3	"lumine"	"lūmĕn, inis, n."	"light; lamp, torch; eye (of a person); life; day, daylight;"	459
123	2	"Deum"	"dĕus, i, m."	"a god, a deity"	2679
124	2	"verum"	"vērŭm, conj."	"yes; in truth; certainly; truly, to be sure; however; (rare form, usu. vero);"	672
124	2	"verum"	"vērus, a, um"	"true, real, genuine, actual; properly named; well founded; right, fair, proper;"	605
124	3	"verum"	"vēr, ēris, n."	"spring; spring-time of life, youth; [ver sacrum => sacrifice of spring-born];"	100
125	1	"de"	"dē, prép. + abl."	"down/away from, from, off; about, of, concerning; according to; with regard to;"	6164
126	2	"Deo"	"dĕus, i, m."	"a god, a deity"	2679
127	2	"vero"	"vērō, adv."	"yes; in truth; certainly; truly, to be sure; however;"	557
127	2	"vero"	"vērus, a, um"	"true, real, genuine, actual; properly named; well founded; right, fair, proper;"	605
128	3	"genitum"	"gīgno, gĕno, is, ere, genui, genitum"	"to give birth to, bring forth, bear; to beget; to be born (PASSIVE);"	253
129	1	"non"	"nōn, adv. neg."	"not, by no means, no; [non modo ... sed etiam => not only ... but also];"	21761
130	2	"factum"	"fīo, is, fieri, factus sum"	"to happen, come about; to result (from); to take place, be held, occur, arise (event); to develop;"	2067
130	2	"factum"	"fāctŭm, i, n."	"fact, deed, act; achievement;"	592
130	1	"factum"	"făcĭo, is, ere, feci, factum"	"to make/build/construct/create/cause/do; to have built/made; to fashion; to work (metal);"	5766
130	3	"factum"	"fāctŭs, us, m."	"construction, quantité d'huile fournie par un tour de pressoir"	2
131	3	"consubstantialem"	"unknown"	""	
132	2	"Patri"	"pătĕr, tris, m."	"father; [pater familias, patris familias => head of family/household];"	2272
132	3	"Patri"	"pā̆trĭus, a, um"	"father's, paternal; ancestral;"	332
133	2	"per"	"pĕr, prép. + acc."	"through (space); during (time); by, by means of;"	4691
134	1	"quem"	"quī, quae, quod, pron. rel."	"who; that; which, what; of which kind/degree; person/thing/time/point that"	41601
134	1	"quem"	"quĭs, quae, quid, pron. interr."	"who? which? what? what man?"	13642
135	2	"omnia"	"ōmnĭs, e"	"all men (pl.), all persons;"	2203
135	3	"omnia"	"ōmne, is, n."	"every thing"	0
136	2	"facta"	"fīo, is, fieri, factus sum"	"to happen, come about; to result (from); to take place, be held, occur, arise (event); to develop;"	2067
136	2	"facta"	"fāctŭm, i, n."	"fact, deed, act; achievement;"	592
137	1	"sunt"	"sŭm, es, esse, fui"	"to be; to exist; (also used to form verb perfect passive tenses) with NOM PERF PPL"	40916
138	1	"qui"	"quī, quae, quod, pron. rel."	"who; that; which, what; of which kind/degree; person/thing/time/point that"	41601
138	1	"qui"	"quĭs, quae, quid, pron. interr."	"who? which? what? what man?"	13642
138	3	"qui"	"quī, adv."	"how?; how so; in what way; by what/which means; whereby; at whatever price;"	193
138	3	"qui"	"quĕo, is, ire, ii ou iui, itum"	"to be able;"	191
139	2	"propter"	"prōptĕr, prép. + acc."	"near; on account of; by means of; because of;"	802
140	2	"nos"	"nōs, nostrum pron. pl."	"we (pl.), us;"	3244
141	2	"homines"	"hŏmō̆, minis, m."	"man, human being, person, fellow; [novus homo => nouveau riche];"	4510
142	1	"et"	"ĕt, conj. adv."	"and, and even; also, even; (et ... et = both ... and);"	42726
143	2	"propter"	"prōptĕr, prép. + acc."	"near; on account of; by means of; because of;"	802
144	2	"nostram"	"nōstĕr, tra, trum, adj. pron."	"our;"	2823
145	2	"salutem"	"sălūs, utis, f."	"health; prosperity; good wish; greeting; salvation, safety;"	851
145	3	"salutem"	"sălūto, as, are"	"to greet; to wish well; to visit; to hail, salute;"	105
146	3	"descendit"	"dēscēndo, is, ere, di, sum"	"to descend, climb/march/come/go/flow/run/hang down; to dismount; to penetrate/sink;"	227
147	1	"de"	"dē, prép. + abl."	"down/away from, from, off; about, of, concerning; according to; with regard to;"	6164
148	2	"caelis"	"cāelŭm, cōelum, i, n."	"- chisel; engraving tool; burin; - heaven, sky, heavens; space; air, climate, weather; universe, world; Jehovah;"	940
148	3	"caelis"	"cāelus, i, m."	"ciel, Ciel (fils d'Éther et de Dies, père de Saturne)"	4
149	1	"et"	"ĕt, conj. adv."	"and, and even; also, even; (et ... et = both ... and);"	42726
150	3	"incarnatus"	"unknown"	""	
151	1	"est"	"sŭm, es, esse, fui"	"to be; to exist; (also used to form verb perfect passive tenses) with NOM PERF PPL"	40916
151	3	"est"	"ĕdo, edis, esse, edi, esum"	"to eat/consume/devour; to eat away (fire/water/disease); to destroy; to spend money on"	99
152	1	"de"	"dē, prép. + abl."	"down/away from, from, off; about, of, concerning; according to; with regard to;"	6164
153	3	"Spiritu"	"spīrĭtus, us, m."	"breath, breathing, air, soul, life;"	257
154	3	"Sancto"	"sānctus, a, um"	"consecrated, sacred, inviolable; venerable, august, divine, holy, pious, just;"	320
154	3	"Sancto"	"sāncĭo, is, ire, sanxi, sanctum"	"to confirm, ratify; to sanction; to fulfill (prophesy); to enact (law); to ordain; to dedicate;"	66
154	3	"Sancto"	"Sānctus, i, m."	"Severus Sanctus (poète bucolique chrétien)"	3
154	3	"Sancto"	"sānctum, i, n."	"a holy place"	3
155	1	"ex"	"ēx, prép. + abl."	"out of, from; by reason of; according to; because of, as a result of;"	6934
156	2	"Maria"	"mărĕ, is, n."	"sea; sea water;"	1083
157	3	"virgine"	"vīrgō, ginis, f."	"maiden, young woman, girl of marriageable age; virgin, woman sexually intact;"	317
158	1	"et"	"ĕt, conj. adv."	"and, and even; also, even; (et ... et = both ... and);"	42726
159	2	"homo"	"hŏmō̆, minis, m."	"man, human being, person, fellow; [novus homo => nouveau riche];"	4510
160	2	"factus"	"fīo, is, fieri, factus sum"	"to happen, come about; to result (from); to take place, be held, occur, arise (event); to develop;"	2067
160	3	"factus"	"fāctŭs, us, m."	"construction, quantité d'huile fournie par un tour de pressoir"	2
161	1	"est"	"sŭm, es, esse, fui"	"to be; to exist; (also used to form verb perfect passive tenses) with NOM PERF PPL"	40916
161	3	"est"	"ĕdo, edis, esse, edi, esum"	"to eat/consume/devour; to eat away (fire/water/disease); to destroy; to spend money on"	99
162	3	"crucifixus"	"unknown"	""	
163	3	"etiam"	"ĕtĭăm, adv."	"- and also, besides/furthermore, in addition/as well; even, actually; yes/ - now too, as yet, still, even now; yet again; likewise; (particle); (et-iam);"	0
164	2	"pro"	"prō, prép. + abl."	"on behalf of; before; in front/instead of; for; about; according to; as, like;"	2110
165	2	"nobis"	"nōs, nostrum pron. pl."	"we (pl.), us;"	3244
166	2	"sub"	"sŭb, prép. + acc. / abl."	"under; up to, up under, close to (of motion); until, before, up to, about;"	1055
167	3	"Pontio"	"Pōntĭus, i, m."	"Pontius; Roman gens; a Sammite leader; (P~ Pilatus, prefect of Judea 26-36 AD);"	9
168	3	"Pilato"	"Pīlātus, i, m."	"Pilatus; (Roman cognomen); [Pontius ~ (Pilate) => prefect Judea, 26-36 AD];"	2
169	2	"passus"	"pătĭŏr, eris, i, passus sum"	"to suffer; to allow; to undergo, endure; to permit"	907
169	3	"passus"	"pāssus, us, m."	"spread out; outstretched; dried;"	168
169	3	"passus"	"pāndo, is, ere, pandi, passum"	"to spread out [passis manibus => with hands outstretched];"	99
169	3	"passus"	"pāssus, a, um"	"outspread, outstretched, extended, open."	8
170	1	"et"	"ĕt, conj. adv."	"and, and even; also, even; (et ... et = both ... and);"	42726
171	3	"sepultus"	"sĕpĕlĭo, is, ire, iui"	"to bury/inter; (Romans cremate + inter ashes); to submerge, overcome; to suppress; to ruin;"	0
172	1	"est"	"sŭm, es, esse, fui"	"to be; to exist; (also used to form verb perfect passive tenses) with NOM PERF PPL"	40916
172	3	"est"	"ĕdo, edis, esse, edi, esum"	"to eat/consume/devour; to eat away (fire/water/disease); to destroy; to spend money on"	99
173	1	"et"	"ĕt, conj. adv."	"and, and even; also, even; (et ... et = both ... and);"	42726
174	3	"resurrexit"	"rĕsūrgo, is, ere, rexi, rectum"	"to rise/appear again; to rare up again, lift oneself, be restored/rebuilt, revive;"	33
175	3	"tertia"	"tērtĭus, a, um"	"the third"	447
175	3	"tertia"	"tērtĭō, as, are"	"thirdly;"	0
176	2	"die"	"dĭes, ei, m. et f."	"day; daylight; (sunlit hours); (24 hours from midnight); open sky; weather;"	2928
176	3	"die"	"dīus, a, um"	"of or belonging to a deity, divine."	9
177	3	"secundum"	"sĕcūndus, a, um"	"next, following; second; substituted; secondary/inferior; subordinate;"	440
177	3	"secundum"	"sĕcūndŭm, + acc"	"after; according to; along/next to, following/immediately after, close behind;"	5
178	2	"Scripturas"	"scrībo, is, ere, scripsi, scriptum"	"to write; to compose;"	711
178	3	"Scripturas"	"scrīptūra, ae, f."	"writing; composition; scripture;"	9
179	1	"et"	"ĕt, conj. adv."	"and, and even; also, even; (et ... et = both ... and);"	42726
180	3	"ascendit"	"āscēndo, is, ere, ascendi, ascensum"	"to climb; to go/climb up; to mount, scale; to mount up, embark; to rise, ascend, move upward;"	101
181	1	"ad"	"ăd, prép. + acc."	"to, up to, towards; near, at; until, on, by; almost; according to; about w/NUM;"	11922
182	2	"caelos"	"cāelŭm, cōelum, i, n."	"- chisel; engraving tool; burin; - heaven, sky, heavens; space; air, climate, weather; universe, world; Jehovah;"	940
182	3	"caelos"	"cāelus, i, m."	"ciel, Ciel (fils d'Éther et de Dies, père de Saturne)"	4
183	3	"sedet"	"sĕdĕo, es, ere, sedi, sessum"	"to sit, remain; to settle; to encamp;"	373
183	3	"sedet"	"sēdo, as, are"	"to settle, allay; to restrain; to calm down;"	51
184	1	"ad"	"ăd, prép. + acc."	"to, up to, towards; near, at; until, on, by; almost; according to; about w/NUM;"	11922
185	3	"dexteram"	"dēxtră, dēxtĕra, ou dextera, ae, f."	"on the right of; on the right-hand side of;"	283
186	2	"Patris"	"pătĕr, tris, m."	"father; [pater familias, patris familias => head of family/household];"	2272
186	2	"Patris"	"pā̆trĭa, ae, f. sing."	"native land; home, native city; one's country;"	708
186	3	"Patris"	"pā̆trĭus, a, um"	"father's, paternal; ancestral;"	332
186	3	"Patris"	"Pā̆trāe, arum, f."	"a very ancient city in Achaia, on the promontory of Rhium, Patras"	2
187	1	"et"	"ĕt, conj. adv."	"and, and even; also, even; (et ... et = both ... and);"	42726
188	3	"iterum"	"ĭtĕrŭm, adv."	"again; a second time; for the second time;"	253
189	2	"venturus"	"vĕnĭo, is, ire, ueni, uentum"	"to come;"	2796
190	1	"est"	"sŭm, es, esse, fui"	"to be; to exist; (also used to form verb perfect passive tenses) with NOM PERF PPL"	40916
190	3	"est"	"ĕdo, edis, esse, edi, esum"	"to eat/consume/devour; to eat away (fire/water/disease); to destroy; to spend money on"	99
191	1	"in"	"ĭn, īndŭ, prép. + acc. ou + abl."	"in, into, on"	30083
192	2	"gloria"	"glōrĭa, ae, f."	"glory, fame; ambition; renown; vainglory, boasting;"	798
193	2	"iudicare"	"jūdĭco, as, are"	"to judge, give judgment; to sentence; to conclude, decide; to declare, appraise;"	905
194	3	"vivos"	"vīvus, a, um"	"alive, fresh; living;"	257
194	3	"vivos"	"vīvus, i, m."	"a living man"	34
195	1	"et"	"ĕt, conj. adv."	"and, and even; also, even; (et ... et = both ... and);"	42726
196	2	"mortuos"	"mŏrĭŏr, eris, i, mortuus sum"	"to die"	593
196	3	"mortuos"	"mōrtŭus, i, m."	"a dead person, dead man"	50
196	3	"mortuos"	"mōrtŭus, a, um"	"dead, deceased; limp;"	40
197	1	"cuius"	"quī, quae, quod, pron. rel."	"who; that; which, what; of which kind/degree; person/thing/time/point that"	41601
197	1	"cuius"	"quĭs, quae, quid, pron. interr."	"who? which? what? what man?"	13642
198	2	"regni"	"rēgnŭm, i, n."	"royal power; power; control; kingdom;"	907
199	1	"non"	"nōn, adv. neg."	"not, by no means, no; [non modo ... sed etiam => not only ... but also];"	21761
200	1	"erit"	"sŭm, es, esse, fui"	"to be; to exist; (also used to form verb perfect passive tenses) with NOM PERF PPL"	40916
201	2	"finis"	"fīnĭs, is, m. f."	"boundary, end, limit, goal; (pl.) country, territory, land;"	840
201	3	"finis"	"fīnĭo, is, ire, iui, itum"	"to limit, end; to finish; to determine, define; to mark out the boundaries;"	168
202	1	"Et"	"ĕt, conj. adv."	"and, and even; also, even; (et ... et = both ... and);"	42726
203	1	"in"	"ĭn, īndŭ, prép. + acc. ou + abl."	"in, into, on"	30083
204	3	"Spiritum"	"spīrĭtus, us, m."	"breath, breathing, air, soul, life;"	257
205	3	"Sanctum"	"sānctus, a, um"	"consecrated, sacred, inviolable; venerable, august, divine, holy, pious, just;"	320
205	3	"Sanctum"	"sāncĭo, is, ire, sanxi, sanctum"	"to confirm, ratify; to sanction; to fulfill (prophesy); to enact (law); to ordain; to dedicate;"	66
205	3	"Sanctum"	"Sānctus, i, m."	"Severus Sanctus (poète bucolique chrétien)"	3
205	3	"Sanctum"	"sānctum, i, n."	"a holy place"	3
206	2	"Dominum"	"dŏmĭnus, i, m."	"owner, lord, master; the Lord; title for ecclesiastics/gentlemen;"	675
206	3	"Dominum"	"Dŏmĭnus, i, m."	"Seigneur"	0
207	1	"et"	"ĕt, conj. adv."	"and, and even; also, even; (et ... et = both ... and);"	42726
208	3	"vivificantem"	"unknown"	""	
209	1	"qui"	"quī, quae, quod, pron. rel."	"who; that; which, what; of which kind/degree; person/thing/time/point that"	41601
209	1	"qui"	"quĭs, quae, quid, pron. interr."	"who? which? what? what man?"	13642
209	3	"qui"	"quī, adv."	"how?; how so; in what way; by what/which means; whereby; at whatever price;"	193
209	3	"qui"	"quĕo, is, ire, ii ou iui, itum"	"to be able;"	191
210	1	"ex"	"ēx, prép. + abl."	"out of, from; by reason of; according to; because of, as a result of;"	6934
211	2	"Patre"	"pătĕr, tris, m."	"father; [pater familias, patris familias => head of family/household];"	2272
212	2	"Filioque"	"fīlĭus, ii, m."	"son;"	1091
213	3	"procedit"	"prōcēdo, is, ere, cessi, cessum"	"to proceed; to advance; to appear;"	315
214	1	"qui"	"quī, quae, quod, pron. rel."	"who; that; which, what; of which kind/degree; person/thing/time/point that"	41601
214	1	"qui"	"quĭs, quae, quid, pron. interr."	"who? which? what? what man?"	13642
214	3	"qui"	"quī, adv."	"how?; how so; in what way; by what/which means; whereby; at whatever price;"	193
214	3	"qui"	"quĕo, is, ire, ii ou iui, itum"	"to be able;"	191
215	1	"cum"	"cŭm, conj."	"when, as, while; since, because, as"	8916
215	1	"cum"	"cŭm, quŏm, quŭm, prép. + abl. et adv."	"with, together/jointly/along/simultaneous with, amid; supporting; attached;"	5910
216	2	"Patre"	"pătĕr, tris, m."	"father; [pater familias, patris familias => head of family/household];"	2272
217	1	"et"	"ĕt, conj. adv."	"and, and even; also, even; (et ... et = both ... and);"	42726
218	2	"Filio"	"fīlĭus, ii, m."	"son;"	1091
219	2	"simul"	"sĭmŭl, sĕmŭl, adv."	"en même temps, [conj.] dès que"	906
220	3	"adoratur"	"ădōro, as, are"	"to honor, adore, worship, pay homage, reverence; to beg, plead with, appeal to;"	43
221	1	"et"	"ĕt, conj. adv."	"and, and even; also, even; (et ... et = both ... and);"	42726
222	3	"glorificatur"	"unknown"	""	
223	1	"qui"	"quī, quae, quod, pron. rel."	"who; that; which, what; of which kind/degree; person/thing/time/point that"	41601
223	1	"qui"	"quĭs, quae, quid, pron. interr."	"who? which? what? what man?"	13642
223	3	"qui"	"quī, adv."	"how?; how so; in what way; by what/which means; whereby; at whatever price;"	193
223	3	"qui"	"quĕo, is, ire, ii ou iui, itum"	"to be able;"	191
224	2	"locutus"	"lŏquŏr, eris, i, locutus sum"	"to speak, tell; to talk; to mention; to say, utter; to phrase"	764
225	1	"est"	"sŭm, es, esse, fui"	"to be; to exist; (also used to form verb perfect passive tenses) with NOM PERF PPL"	40916
225	3	"est"	"ĕdo, edis, esse, edi, esum"	"to eat/consume/devour; to eat away (fire/water/disease); to destroy; to spend money on"	99
226	2	"per"	"pĕr, prép. + acc."	"through (space); during (time); by, by means of;"	4691
227	3	"prophetas"	"unknown"	""	
228	1	"Et"	"ĕt, conj. adv."	"and, and even; also, even; (et ... et = both ... and);"	42726
229	2	"unam"	"ūnus, a, um, sing."	"alone, a single/sole; some, some one; only (pl.); one set of (denoting entity);"	3148
230	3	"sanctam"	"sānctus, a, um"	"consecrated, sacred, inviolable; venerable, august, divine, holy, pious, just;"	320
230	3	"sanctam"	"sāncĭo, is, ire, sanxi, sanctum"	"to confirm, ratify; to sanction; to fulfill (prophesy); to enact (law); to ordain; to dedicate;"	66
231	3	"catholicam"	"unknown"	""	
232	1	"et"	"ĕt, conj. adv."	"and, and even; also, even; (et ... et = both ... and);"	42726
233	3	"apostolicam"	"unknown"	""	
234	3	"ecclesiam"	"ēcclē̆sĭa, ae, f."	"an assembly of the (Greek) people."	2
235	3	"Confiteor"	"cōnfĭtĕŏr, eris, eri, fessus sum"	"to acknowledge, confess, own, avow (an error, mistake, or a fact previously denied or doubted)"	190
236	2	"unum"	"ūnus, a, um, sing."	"alone, a single/sole; some, some one; only (pl.); one set of (denoting entity);"	3148
237	3	"Baptisma"	"unknown"	""	
238	1	"in"	"ĭn, īndŭ, prép. + acc. ou + abl."	"in, into, on"	30083
239	3	"remissionem"	"rĕmīssĭo, ōnis, f."	"a sending back, away, releasing"	30
240	3	"peccatorum"	"pēccātum, i, n."	"a fault, error, mistake, transgression, sin"	98
240	3	"peccatorum"	"pēcco, as, are"	"to sin; to do wrong, commit moral offense; to blunder, stumble; to be wrong;"	248
241	1	"et"	"ĕt, conj. adv."	"and, and even; also, even; (et ... et = both ... and);"	42726
242	3	"exspecto"	"ēxspēcto, as, are, aui, atum"	"to lookout for, await; to expect, anticipate, hope for;"	404
242	3	"exspecto"	"ēxpēcto, is, ĕre"	"peigner avec soin d'après"	182
243	3	"resurrectionem"	"unknown"	""	
244	2	"mortuorum"	"mŏrĭŏr, eris, i, mortuus sum"	"to die"	593
244	3	"mortuorum"	"mōrtŭus, i, m."	"a dead person, dead man"	50
244	3	"mortuorum"	"mōrtŭus, a, um"	"dead, deceased; limp;"	40
245	1	"et"	"ĕt, conj. adv."	"and, and even; also, even; (et ... et = both ... and);"	42726
246	2	"vitam"	"vīta, ae, f."	"life, career, livelihood; mode of life;"	2080
247	2	"venturi"	"vĕnĭo, is, ire, ueni, uentum"	"to come;"	2796
248	3	"saeculi"	"sāecŭlŭm, i, n."	"time; past/present/future (Plater); [in ~ => forever];"	190
249	3	"amen"	"unknown"	""	
250	3	"Symbolum"	"sȳmbŏlus, i, m."	"pièce justificative d'identité, signe de reconnaissance"	5
251	3	"Athanasii"	"unknown"	""	
252	2	"contra"	"cōntrā, prép. + acc."	"contre"	891
252	3	"contra"	"cōntrā, adv."	"against, facing, opposite; weighed against; as against; in resistance/reply - contrary to, not in conformance with; the reverse of; otherwise than;"	458
253	3	"Arianos"	"unknown"	""	
254	2	"scriptum"	"scrībo, is, ere, scripsi, scriptum"	"to write; to compose;"	711
254	3	"scriptum"	"scrīptum, i, n."	"A line;, a game played with colored stones, on a draught-board marked into spaces by twelve oblique lines"	71
255	3	"Quicunque"	"quīcūmquĕ, quae-, quod-"	"Whoever, whatever, whosoever, whatsoever, every one who, every thing that, all that"	0
256	2	"vult"	"vŏlo, uis, uelle, uolui"	"to wish, want, prefer; to be willing, will"	3862
257	3	"salvus"	"sālvos, a, um"	"en bonne santé"	277
258	1	"esse"	"sŭm, es, esse, fui"	"to be; to exist; (also used to form verb perfect passive tenses) with NOM PERF PPL"	40916
258	3	"esse"	"ĕdo, edis, esse, edi, esum"	"to eat/consume/devour; to eat away (fire/water/disease); to destroy; to spend money on"	99
259	2	"ante"	"āntĕ, prép. +acc."	"in front/presence of, in view; before (space/time/degree); over against,"	942
259	3	"ante"	"āntēs, ium, m."	"rows, ranks"	3
260	2	"omnia"	"ōmnĭs, e"	"all men (pl.), all persons;"	2203
260	3	"omnia"	"ōmne, is, n."	"every thing"	0
261	3	"opus"	"ŏpus, indecl. n."	"chose nécessaire"	423
261	2	"opus"	"ŏpŭs, operis, n."	"need; work; fortifications (pl.), works; [opus est => is useful, beneficial];"	908
262	1	"est"	"sŭm, es, esse, fui"	"to be; to exist; (also used to form verb perfect passive tenses) with NOM PERF PPL"	40916
262	3	"est"	"ĕdo, edis, esse, edi, esum"	"to eat/consume/devour; to eat away (fire/water/disease); to destroy; to spend money on"	99
263	1	"ut"	"ŭt, ŭtŭt, conj. sub. + ind. ou subj."	"to (+ subjunctive), in order that/to; how, as, when, while; even if;"	10753
264	2	"teneat"	"tĕnĕo, es, ere, ui, tentum"	"to represent; to support;"	1594
265	3	"catholicam"	"unknown"	""	
266	2	"fidem"	"fĭdēs, ei, f."	"faith, loyalty; honesty; credit; confidence, trust, belief; good faith"	1305
267	1	"Quam"	"quăm, quāmdĕ, quāndĕ, adv."	"how, than;"	5587
267	1	"Quam"	"quī, quae, quod, pron. rel."	"who; that; which, what; of which kind/degree; person/thing/time/point that"	41601
267	1	"Quam"	"quĭs, quae, quid, pron. interr."	"who? which? what? what man?"	13642
268	2	"nisi"	"nĭsĭ, conj. sub."	"if not; except, unless;"	2334
269	2	"quisque"	"quīsquĕ, quaeque, quidque, pron."	"whoever, whatever it be, each, every, every body, every one, every thing"	1478
270	3	"integram"	"īntĕgĕr, gra, grum"	"untouched, entire, whole, complete; uninjured, sound, fresh (troops), vigorous;"	385
271	3	"inviolatamque"	"īnvĭŏlātus, a, um"	"Unhurt, inviolate"	28
272	2	"servaverit"	"sērvo, as, are"	"to watch over; to protect, store, keep, guard, preserve, save;"	708
273	3	"absque"	"ābsquĕ, prép. + abl."	"without, apart from, away from; but for; except for; were it not for; (early);"	0
274	3	"dubio"	"dŭbĭŭm, ii, n."	"doubt; question;"	94
274	3	"dubio"	"dŭbĭus, a, um"	"doubtful, dubious, uncertain; variable, dangerous; critical;"	325
275	1	"in"	"ĭn, īndŭ, prép. + acc. ou + abl."	"in, into, on"	30083
276	3	"aeternum"	"āetērnus, a, um"	"eternal/everlasting/imperishable; perpetual, w/out start/end; [in ~=>forever];"	232
276	3	"aeternum"	"āetērnŭm, adv."	"forever"	14
277	2	"peribit"	"pĕrĕo, is, ire, ii, itum"	"to die, pass away; to be ruined, be destroyed; to go to waste;"	655
278	2	"Fides"	"fĭdēs, ei, f."	"faith, loyalty; honesty; credit; confidence, trust, belief; good faith"	1305
278	3	"Fides"	"fīdo, is ere, fisus sum"	"to trust (in), have confidence (in) (w/DAT or ABL);"	53
278	3	"Fides"	"fĭdĕs, ium, f. pl."	"chord, instrument string; constellation Lyra; stringed instrument (pl.); lyre;"	0
279	2	"autem"	"āutĕm, conj. coord."	"but (postpositive), on the other hand/contrary; while, however; moreover, also;"	2095
280	3	"catholica"	"unknown"	""	
281	1	"haec"	"hīc, haec, hoc, adj. pron."	"this; these"	20391
282	1	"est"	"sŭm, es, esse, fui"	"to be; to exist; (also used to form verb perfect passive tenses) with NOM PERF PPL"	40916
282	3	"est"	"ĕdo, edis, esse, edi, esum"	"to eat/consume/devour; to eat away (fire/water/disease); to destroy; to spend money on"	99
283	1	"ut"	"ŭt, ŭtŭt, conj. sub. + ind. ou subj."	"to (+ subjunctive), in order that/to; how, as, when, while; even if;"	10753
284	2	"unum"	"ūnus, a, um, sing."	"alone, a single/sole; some, some one; only (pl.); one set of (denoting entity);"	3148
285	2	"Deum"	"dĕus, i, m."	"a god, a deity"	2679
286	1	"in"	"ĭn, īndŭ, prép. + acc. ou + abl."	"in, into, on"	30083
287	3	"Trinitate"	"unknown"	""	
288	1	"et"	"ĕt, conj. adv."	"and, and even; also, even; (et ... et = both ... and);"	42726
289	3	"Trinitatem"	"unknown"	""	
290	1	"in"	"ĭn, īndŭ, prép. + acc. ou + abl."	"in, into, on"	30083
291	3	"unitate"	"ūnĭtās, ātis, f."	"the state of being one, oneness, unity."	6
292	3	"veneremur"	"vĕnĕrŏr, ātus, 1"	"to reverence with religious awe, to worship, adore, revere, venerate."	85
292	3	"veneremur"	"vĕnĕro, as, are"	"to adore, revere, do homage to, honor, venerate; to worship; to beg, pray, entreat;"	3
293	2	"Neque"	"nĕquĕ, conj. coord."	"nor [neque..neque=>neither..nor; neque solum..sed etiam=>not only..but also];"	3923
294	3	"confundentes"	"cōnfūndo, is, ere, fudi, fusum"	"- to pour/mix/mass/bring together; to combine/unite/blend/merge; to spread over, - to upset/confuse; to blur/jumble; to bring disorder/ruin; to disfigure; to bewilder, dismay;"	61
295	3	"personas"	"pērsōna, ae, f."	"mask; character; personality;"	126
295	3	"personas"	"pērsŏno, as, are"	"to make loud/continuous/pervasive noise/loud music; to ring/resound; to chant/shout out;"	20
295	3	"personas"	"pērsŏnus, a, um"	"resounding, ringing"	2
296	2	"neque"	"nĕquĕ, conj. coord."	"nor [neque..neque=>neither..nor; neque solum..sed etiam=>not only..but also];"	3923
297	3	"substantiam"	"sūbstāntĭa, ae, f."	"that of which a thing consists, the being, essence, contents, material, substance, every thing that exists"	6
298	3	"separantes"	"sēpăro, as, are"	"to divide, distinguish; separate;"	62
299	2	"Alia"	"ălĭus, a, ud, pron."	"the_one ... the_other (alius ... alius);"	4524
299	3	"Alia"	"ălĭā, adv."	"in another way, in a different manner"	8
299	3	"Alia"	"ālĭum, ii, n."	"garlic"	7
300	1	"est"	"sŭm, es, esse, fui"	"to be; to exist; (also used to form verb perfect passive tenses) with NOM PERF PPL"	40916
300	3	"est"	"ĕdo, edis, esse, edi, esum"	"to eat/consume/devour; to eat away (fire/water/disease); to destroy; to spend money on"	99
301	2	"enim"	"ĕnĭm, conj."	"namely (postpos.); indeed; in fact; for; I mean, for instance, that is to say;"	4848
302	3	"persona"	"pērsōna, ae, f."	"mask; character; personality;"	126
302	3	"persona"	"pērsŏno, as, are"	"to make loud/continuous/pervasive noise/loud music; to ring/resound; to chant/shout out;"	20
302	3	"persona"	"pērsŏnus, a, um"	"resounding, ringing"	2
303	2	"Patris"	"pătĕr, tris, m."	"father; [pater familias, patris familias => head of family/household];"	2272
303	2	"Patris"	"pā̆trĭa, ae, f. sing."	"native land; home, native city; one's country;"	708
303	3	"Patris"	"pā̆trĭus, a, um"	"father's, paternal; ancestral;"	332
303	3	"Patris"	"Pā̆trāe, arum, f."	"a very ancient city in Achaia, on the promontory of Rhium, Patras"	2
304	2	"alia"	"ălĭus, a, ud, pron."	"the_one ... the_other (alius ... alius);"	4524
304	3	"alia"	"ălĭā, adv."	"in another way, in a different manner"	8
304	3	"alia"	"ālĭum, ii, n."	"garlic"	7
305	2	"Filii"	"fīlĭus, ii, m."	"son;"	1091
306	2	"alia"	"ălĭus, a, ud, pron."	"the_one ... the_other (alius ... alius);"	4524
306	3	"alia"	"ălĭā, adv."	"in another way, in a different manner"	8
306	3	"alia"	"ālĭum, ii, n."	"garlic"	7
307	3	"Spiritus"	"spīrĭtus, us, m."	"breath, breathing, air, soul, life;"	257
308	3	"Sancti"	"sānctus, a, um"	"consecrated, sacred, inviolable; venerable, august, divine, holy, pious, just;"	320
308	3	"Sancti"	"sāncĭo, is, ire, sanxi, sanctum"	"to confirm, ratify; to sanction; to fulfill (prophesy); to enact (law); to ordain; to dedicate;"	66
308	3	"Sancti"	"Sānctus, i, m."	"Severus Sanctus (poète bucolique chrétien)"	3
308	3	"Sancti"	"sānctum, i, n."	"a holy place"	3
309	1	"Sed"	"sĕd, conj."	"but, but also; yet; however, but in fact/truth; not to mention; yes but;"	9689
310	2	"Patris"	"pătĕr, tris, m."	"father; [pater familias, patris familias => head of family/household];"	2272
310	2	"Patris"	"pā̆trĭa, ae, f. sing."	"native land; home, native city; one's country;"	708
310	3	"Patris"	"pā̆trĭus, a, um"	"father's, paternal; ancestral;"	332
310	3	"Patris"	"Pā̆trāe, arum, f."	"a very ancient city in Achaia, on the promontory of Rhium, Patras"	2
311	1	"et"	"ĕt, conj. adv."	"and, and even; also, even; (et ... et = both ... and);"	42726
312	2	"Filii"	"fīlĭus, ii, m."	"son;"	1091
313	1	"et"	"ĕt, conj. adv."	"and, and even; also, even; (et ... et = both ... and);"	42726
314	3	"Spiritus"	"spīrĭtus, us, m."	"breath, breathing, air, soul, life;"	257
315	3	"Sancti"	"sānctus, a, um"	"consecrated, sacred, inviolable; venerable, august, divine, holy, pious, just;"	320
315	3	"Sancti"	"sāncĭo, is, ire, sanxi, sanctum"	"to confirm, ratify; to sanction; to fulfill (prophesy); to enact (law); to ordain; to dedicate;"	66
315	3	"Sancti"	"Sānctus, i, m."	"Severus Sanctus (poète bucolique chrétien)"	3
315	3	"Sancti"	"sānctum, i, n."	"a holy place"	3
316	2	"una"	"ūnus, a, um, sing."	"alone, a single/sole; some, some one; only (pl.); one set of (denoting entity);"	3148
316	3	"una"	"ūnā, adv."	"together, together with; at the same time; along with;"	281
317	1	"est"	"sŭm, es, esse, fui"	"to be; to exist; (also used to form verb perfect passive tenses) with NOM PERF PPL"	40916
317	3	"est"	"ĕdo, edis, esse, edi, esum"	"to eat/consume/devour; to eat away (fire/water/disease); to destroy; to spend money on"	99
318	3	"divinitas"	"dīvīnĭtās, atis, f."	"divinity, quality/nature of God; divine excellence/power/being; divining;"	14
319	3	"aequalis"	"āequālĭs, e"	"comrade; person of one's age/rank/ability, contemporary; equivalent;"	60
320	2	"gloria"	"glōrĭa, ae, f."	"glory, fame; ambition; renown; vainglory, boasting;"	798
321	3	"coaeterna"	"unknown"	""	
322	3	"maiestas"	"mājēstās, atis, f."	"- majesty, dignity (of god/rank/position); majesty of people/state; - grandeur, greatness; dignity/majesty (of language);"	150
323	3	"Qualis"	"quālĭs, e"	"what kind/sort/condition (of); what is (he/it) like; what/how excellent a ...;"	150
323	3	"Qualis"	"quālus, i, m."	"a wicker basket, hamper, a fruit-hamper, wool-basket, winestrainer"	10
323	3	"Qualis"	"quālum, i, n."	"corbeille, panier"	5
324	2	"Pater"	"pătĕr, tris, m."	"father; [pater familias, patris familias => head of family/household];"	2272
325	3	"talis"	"tālĭs, e"	"such; so great; so excellent; of such kind;"	441
325	3	"talis"	"tālus, i, m."	"ankle; ankle/pastern bone; sheep knucklebone (marked for dice); dice game"	39
326	2	"Filius"	"fīlĭus, ii, m."	"son;"	1091
327	3	"talis"	"tālĭs, e"	"such; so great; so excellent; of such kind;"	441
327	3	"talis"	"tālus, i, m."	"ankle; ankle/pastern bone; sheep knucklebone (marked for dice); dice game"	39
328	3	"Spiritus"	"spīrĭtus, us, m."	"breath, breathing, air, soul, life;"	257
329	3	"Sanctus"	"sānctus, a, um"	"consecrated, sacred, inviolable; venerable, august, divine, holy, pious, just;"	320
329	3	"Sanctus"	"sāncĭo, is, ire, sanxi, sanctum"	"to confirm, ratify; to sanction; to fulfill (prophesy); to enact (law); to ordain; to dedicate;"	66
329	3	"Sanctus"	"Sānctus, i, m."	"Severus Sanctus (poète bucolique chrétien)"	3
330	3	"Increatus"	"unknown"	""	
331	2	"Pater"	"pătĕr, tris, m."	"father; [pater familias, patris familias => head of family/household];"	2272
332	3	"increatus"	"unknown"	""	
333	2	"Filius"	"fīlĭus, ii, m."	"son;"	1091
334	3	"increatus"	"unknown"	""	
335	3	"Spiritus"	"spīrĭtus, us, m."	"breath, breathing, air, soul, life;"	257
336	3	"Sanctus"	"sānctus, a, um"	"consecrated, sacred, inviolable; venerable, august, divine, holy, pious, just;"	320
336	3	"Sanctus"	"sāncĭo, is, ire, sanxi, sanctum"	"to confirm, ratify; to sanction; to fulfill (prophesy); to enact (law); to ordain; to dedicate;"	66
336	3	"Sanctus"	"Sānctus, i, m."	"Severus Sanctus (poète bucolique chrétien)"	3
337	3	"Immensus"	"īmmēnsus, a, um"	"immeasurable, immense/vast/boundless/unending; infinitely great; innumerable;"	165
338	2	"Pater"	"pătĕr, tris, m."	"father; [pater familias, patris familias => head of family/household];"	2272
339	3	"immensus"	"īmmēnsus, a, um"	"immeasurable, immense/vast/boundless/unending; infinitely great; innumerable;"	165
340	2	"Filius"	"fīlĭus, ii, m."	"son;"	1091
341	3	"immensus"	"īmmēnsus, a, um"	"immeasurable, immense/vast/boundless/unending; infinitely great; innumerable;"	165
342	3	"Spiritus"	"spīrĭtus, us, m."	"breath, breathing, air, soul, life;"	257
343	3	"Sanctus"	"sānctus, a, um"	"consecrated, sacred, inviolable; venerable, august, divine, holy, pious, just;"	320
343	3	"Sanctus"	"sāncĭo, is, ire, sanxi, sanctum"	"to confirm, ratify; to sanction; to fulfill (prophesy); to enact (law); to ordain; to dedicate;"	66
343	3	"Sanctus"	"Sānctus, i, m."	"Severus Sanctus (poète bucolique chrétien)"	3
344	3	"Aeternus"	"āetērnus, a, um"	"eternal/everlasting/imperishable; perpetual, w/out start/end; [in ~=>forever];"	232
345	2	"Pater"	"pătĕr, tris, m."	"father; [pater familias, patris familias => head of family/household];"	2272
346	3	"aeternus"	"āetērnus, a, um"	"eternal/everlasting/imperishable; perpetual, w/out start/end; [in ~=>forever];"	232
347	2	"Filius"	"fīlĭus, ii, m."	"son;"	1091
348	3	"aeternus"	"āetērnus, a, um"	"eternal/everlasting/imperishable; perpetual, w/out start/end; [in ~=>forever];"	232
349	3	"Spiritus"	"spīrĭtus, us, m."	"breath, breathing, air, soul, life;"	257
350	3	"Sanctus"	"sānctus, a, um"	"consecrated, sacred, inviolable; venerable, august, divine, holy, pious, just;"	320
350	3	"Sanctus"	"sāncĭo, is, ire, sanxi, sanctum"	"to confirm, ratify; to sanction; to fulfill (prophesy); to enact (law); to ordain; to dedicate;"	66
350	3	"Sanctus"	"Sānctus, i, m."	"Severus Sanctus (poète bucolique chrétien)"	3
351	1	"Et"	"ĕt, conj. adv."	"and, and even; also, even; (et ... et = both ... and);"	42726
352	2	"tamen"	"tămĕn, āttămĕn, adv."	"yet, nevertheless, still;"	3773
353	1	"non"	"nōn, adv. neg."	"not, by no means, no; [non modo ... sed etiam => not only ... but also];"	21761
354	3	"tres"	"trēs, ium"	"three;"	496
355	3	"aeterni"	"āetērnus, a, um"	"eternal/everlasting/imperishable; perpetual, w/out start/end; [in ~=>forever];"	232
356	1	"sed"	"sĕd, conj."	"but, but also; yet; however, but in fact/truth; not to mention; yes but;"	9689
357	2	"unus"	"ūnus, a, um, sing."	"alone, a single/sole; some, some one; only (pl.); one set of (denoting entity);"	3148
358	3	"aeternus"	"āetērnus, a, um"	"eternal/everlasting/imperishable; perpetual, w/out start/end; [in ~=>forever];"	232
359	3	"Sicut"	"sīcŭt, adv."	"as, just as; like; in same way; as if; as it certainly is; as it were;"	326
360	1	"non"	"nōn, adv. neg."	"not, by no means, no; [non modo ... sed etiam => not only ... but also];"	21761
361	3	"tres"	"trēs, ium"	"three;"	496
362	3	"increati"	"unknown"	""	
363	1	"nec"	"nĕc, adv."	"nor, and..not; not..either, not even;"	6689
364	3	"tres"	"trēs, ium"	"three;"	496
365	3	"immensi"	"īmmēnsus, a, um"	"immeasurable, immense/vast/boundless/unending; infinitely great; innumerable;"	165
365	3	"immensi"	"īmmēnsum, i, n."	"a boundless extent, immense size, boundlessness, immensity"	18
366	1	"sed"	"sĕd, conj."	"but, but also; yet; however, but in fact/truth; not to mention; yes but;"	9689
367	2	"unus"	"ūnus, a, um, sing."	"alone, a single/sole; some, some one; only (pl.); one set of (denoting entity);"	3148
368	3	"increatus"	"unknown"	""	
369	1	"et"	"ĕt, conj. adv."	"and, and even; also, even; (et ... et = both ... and);"	42726
370	2	"unus"	"ūnus, a, um, sing."	"alone, a single/sole; some, some one; only (pl.); one set of (denoting entity);"	3148
371	3	"immensus"	"īmmēnsus, a, um"	"immeasurable, immense/vast/boundless/unending; infinitely great; innumerable;"	165
372	3	"Similiter"	"sĭmĭlĭtĕr, adv."	"similarly;"	20
373	3	"omnipotens"	"ōmnĭpŏtēns, entis"	"all-powerful, omnipotent;"	26
374	2	"Pater"	"pătĕr, tris, m."	"father; [pater familias, patris familias => head of family/household];"	2272
375	3	"omnipotens"	"ōmnĭpŏtēns, entis"	"all-powerful, omnipotent;"	26
376	2	"Filius"	"fīlĭus, ii, m."	"son;"	1091
377	3	"omnipotens"	"ōmnĭpŏtēns, entis"	"all-powerful, omnipotent;"	26
378	3	"Spiritus"	"spīrĭtus, us, m."	"breath, breathing, air, soul, life;"	257
379	3	"Sanctus"	"sānctus, a, um"	"consecrated, sacred, inviolable; venerable, august, divine, holy, pious, just;"	320
379	3	"Sanctus"	"sāncĭo, is, ire, sanxi, sanctum"	"to confirm, ratify; to sanction; to fulfill (prophesy); to enact (law); to ordain; to dedicate;"	66
379	3	"Sanctus"	"Sānctus, i, m."	"Severus Sanctus (poète bucolique chrétien)"	3
380	1	"Et"	"ĕt, conj. adv."	"and, and even; also, even; (et ... et = both ... and);"	42726
381	2	"tamen"	"tămĕn, āttămĕn, adv."	"yet, nevertheless, still;"	3773
382	1	"non"	"nōn, adv. neg."	"not, by no means, no; [non modo ... sed etiam => not only ... but also];"	21761
383	3	"tres"	"trēs, ium"	"three;"	496
384	3	"omnipotentes"	"ōmnĭpŏtēns, entis"	"all-powerful, omnipotent;"	26
385	1	"sed"	"sĕd, conj."	"but, but also; yet; however, but in fact/truth; not to mention; yes but;"	9689
386	2	"unus"	"ūnus, a, um, sing."	"alone, a single/sole; some, some one; only (pl.); one set of (denoting entity);"	3148
387	3	"omnipotens"	"ōmnĭpŏtēns, entis"	"all-powerful, omnipotent;"	26
388	2	"Ita"	"ĭtā, adv."	"thus, so; therefore;"	2861
388	3	"Ita"	"ĭto, āvi, 1, intr."	"to go"	2
389	2	"Deus"	"dĕus, i, m."	"a god, a deity"	2679
390	2	"Pater"	"pătĕr, tris, m."	"father; [pater familias, patris familias => head of family/household];"	2272
391	2	"Deus"	"dĕus, i, m."	"a god, a deity"	2679
392	2	"Filius"	"fīlĭus, ii, m."	"son;"	1091
393	2	"Deus"	"dĕus, i, m."	"a god, a deity"	2679
394	3	"Spiritus"	"spīrĭtus, us, m."	"breath, breathing, air, soul, life;"	257
395	3	"Sanctus"	"sānctus, a, um"	"consecrated, sacred, inviolable; venerable, august, divine, holy, pious, just;"	320
395	3	"Sanctus"	"sāncĭo, is, ire, sanxi, sanctum"	"to confirm, ratify; to sanction; to fulfill (prophesy); to enact (law); to ordain; to dedicate;"	66
395	3	"Sanctus"	"Sānctus, i, m."	"Severus Sanctus (poète bucolique chrétien)"	3
396	1	"Et"	"ĕt, conj. adv."	"and, and even; also, even; (et ... et = both ... and);"	42726
397	2	"tamen"	"tămĕn, āttămĕn, adv."	"yet, nevertheless, still;"	3773
398	1	"non"	"nōn, adv. neg."	"not, by no means, no; [non modo ... sed etiam => not only ... but also];"	21761
399	3	"tres"	"trēs, ium"	"three;"	496
400	2	"Dii"	"dĕus, i, m."	"a god, a deity"	2679
400	3	"Dii"	"Dĭŏn, ii, n."	"Dium (ville de Crète)"	9
400	3	"Dii"	"dīus, a, um"	"of or belonging to a deity, divine."	9
400	3	"Dii"	"Dĭos, i, m."	"marron"	2
401	1	"sunt"	"sŭm, es, esse, fui"	"to be; to exist; (also used to form verb perfect passive tenses) with NOM PERF PPL"	40916
402	1	"sed"	"sĕd, conj."	"but, but also; yet; however, but in fact/truth; not to mention; yes but;"	9689
403	2	"unus"	"ūnus, a, um, sing."	"alone, a single/sole; some, some one; only (pl.); one set of (denoting entity);"	3148
404	1	"est"	"sŭm, es, esse, fui"	"to be; to exist; (also used to form verb perfect passive tenses) with NOM PERF PPL"	40916
404	3	"est"	"ĕdo, edis, esse, edi, esum"	"to eat/consume/devour; to eat away (fire/water/disease); to destroy; to spend money on"	99
405	2	"Deus"	"dĕus, i, m."	"a god, a deity"	2679
406	2	"Ita"	"ĭtā, adv."	"thus, so; therefore;"	2861
406	3	"Ita"	"ĭto, āvi, 1, intr."	"to go"	2
407	2	"Dominus"	"dŏmĭnus, i, m."	"owner, lord, master; the Lord; title for ecclesiastics/gentlemen;"	675
407	3	"Dominus"	"Dŏmĭnus, i, m."	"Seigneur"	0
408	2	"Pater"	"pătĕr, tris, m."	"father; [pater familias, patris familias => head of family/household];"	2272
409	2	"Dominus"	"dŏmĭnus, i, m."	"owner, lord, master; the Lord; title for ecclesiastics/gentlemen;"	675
409	3	"Dominus"	"Dŏmĭnus, i, m."	"Seigneur"	0
410	2	"Filius"	"fīlĭus, ii, m."	"son;"	1091
411	2	"Dominus"	"dŏmĭnus, i, m."	"owner, lord, master; the Lord; title for ecclesiastics/gentlemen;"	675
411	3	"Dominus"	"Dŏmĭnus, i, m."	"Seigneur"	0
412	3	"Spiritus"	"spīrĭtus, us, m."	"breath, breathing, air, soul, life;"	257
413	3	"Sanctus"	"sānctus, a, um"	"consecrated, sacred, inviolable; venerable, august, divine, holy, pious, just;"	320
413	3	"Sanctus"	"sāncĭo, is, ire, sanxi, sanctum"	"to confirm, ratify; to sanction; to fulfill (prophesy); to enact (law); to ordain; to dedicate;"	66
413	3	"Sanctus"	"Sānctus, i, m."	"Severus Sanctus (poète bucolique chrétien)"	3
414	1	"Et"	"ĕt, conj. adv."	"and, and even; also, even; (et ... et = both ... and);"	42726
415	2	"tamen"	"tămĕn, āttămĕn, adv."	"yet, nevertheless, still;"	3773
416	1	"non"	"nōn, adv. neg."	"not, by no means, no; [non modo ... sed etiam => not only ... but also];"	21761
417	3	"tres"	"trēs, ium"	"three;"	496
418	2	"Domini"	"dŏmĭnus, i, m."	"owner, lord, master; the Lord; title for ecclesiastics/gentlemen;"	675
418	3	"Domini"	"dŏmĭnĭŭm, ii, n."	"rule, dominion; ownership; banquet, feast;"	13
418	3	"Domini"	"Dŏmĭnus, i, m."	"Seigneur"	0
419	1	"sed"	"sĕd, conj."	"but, but also; yet; however, but in fact/truth; not to mention; yes but;"	9689
420	2	"unus"	"ūnus, a, um, sing."	"alone, a single/sole; some, some one; only (pl.); one set of (denoting entity);"	3148
421	1	"est"	"sŭm, es, esse, fui"	"to be; to exist; (also used to form verb perfect passive tenses) with NOM PERF PPL"	40916
421	3	"est"	"ĕdo, edis, esse, edi, esum"	"to eat/consume/devour; to eat away (fire/water/disease); to destroy; to spend money on"	99
422	2	"Dominus"	"dŏmĭnus, i, m."	"owner, lord, master; the Lord; title for ecclesiastics/gentlemen;"	675
422	3	"Dominus"	"Dŏmĭnus, i, m."	"Seigneur"	0
423	2	"Quia"	"quĭă, conj. sub."	"because;"	1850
424	3	"sicut"	"sīcŭt, adv."	"as, just as; like; in same way; as if; as it certainly is; as it were;"	326
425	3	"singulatim"	"sīngīllātĭm, sīngŭlātĭm, adv."	"one by one, singly, separately;"	21
426	3	"unamquamque"	"ūnūsquīsque, unaquaeque, unumquodque"	"each, every, every body, every one, every thing"	0
427	3	"personam"	"pērsōna, ae, f."	"mask; character; personality;"	126
427	3	"personam"	"pērsŏnus, a, um"	"resounding, ringing"	2
428	2	"Deum"	"dĕus, i, m."	"a god, a deity"	2679
429	1	"ac"	"āc, conj. coord."	"and, and also, and besides;"	5185
430	2	"Dominum"	"dŏmĭnus, i, m."	"owner, lord, master; the Lord; title for ecclesiastics/gentlemen;"	675
430	3	"Dominum"	"Dŏmĭnus, i, m."	"Seigneur"	0
431	3	"confiteri"	"cōnfĭtĕŏr, eris, eri, fessus sum"	"to acknowledge, confess, own, avow (an error, mistake, or a fact previously denied or doubted)"	190
432	3	"christiana"	"Chrīstĭānus, a, um"	"Christian;"	0
433	3	"veritate"	"vērĭtās, atis, f."	"- truth, fact, accuracy; honesty, truthfulness, frankness; sincerity, - reality, that which is real; real life, actuality; true nature; correctness;"	167
434	3	"compellimur"	"cōmpēllo, is, ere, puli, pulsum"	"to drive together (cattle), round up; to force, compel, impel, drive; to squeeze; to gnash;"	80
435	2	"Ita"	"ĭtā, adv."	"thus, so; therefore;"	2861
435	3	"Ita"	"ĭto, āvi, 1, intr."	"to go"	2
436	3	"tres"	"trēs, ium"	"three;"	496
437	2	"Deos"	"dĕus, i, m."	"a god, a deity"	2679
438	1	"aut"	"āut, conj. coord."	"or, or rather/else; either...or (aut...aut) (emphasizing one);"	6784
439	3	"tres"	"trēs, ium"	"three;"	496
440	2	"Dominos"	"dŏmĭnus, i, m."	"owner, lord, master; the Lord; title for ecclesiastics/gentlemen;"	675
440	3	"Dominos"	"Dŏmĭnus, i, m."	"Seigneur"	0
441	1	"dicere"	"dīco, is, ere, dixi, dictum"	"to say, declare, state; to allege, declare positively; to assert; to plead (case); to mean;"	7210
441	3	"dicere"	"dĭco, as, are"	"to dedicate, consecrate, devote any thing to a deity; to deify"	42
442	3	"catholica"	"unknown"	""	
443	3	"religione"	"rĕlĭgĭō̆, rēllĭgĭo, onis, f."	"- supernatural constraint/taboo; obligation; sanction; worship; rite; sanctity; (Bee);"	444
444	3	"prohibemur"	"prŏhĭbĕo, es, ere, bui, bitum"	"to hinder, restrain; to forbid, prevent;"	416
445	2	"Pater"	"pătĕr, tris, m."	"father; [pater familias, patris familias => head of family/household];"	2272
446	1	"a"	"ā, ăb, ābs, prép. + abl."	"by (agent), from (departure, cause, remote origin/time); after (reference);"	5874
446	3	"a"	"ā, interj."	"ah! alas! ha! ah me!"	91
447	3	"nullo"	"nēmō̆, nullius, nt. nihil, nil"	"nobody"	0
447	2	"nullo"	"nūllŭs, a, um"	"no; none, not any; (PRONominal ADJ)"	2757
448	1	"est"	"sŭm, es, esse, fui"	"to be; to exist; (also used to form verb perfect passive tenses) with NOM PERF PPL"	40916
448	3	"est"	"ĕdo, edis, esse, edi, esum"	"to eat/consume/devour; to eat away (fire/water/disease); to destroy; to spend money on"	99
449	2	"factus"	"fīo, is, fieri, factus sum"	"to happen, come about; to result (from); to take place, be held, occur, arise (event); to develop;"	2067
449	3	"factus"	"fāctŭs, us, m."	"construction, quantité d'huile fournie par un tour de pressoir"	2
450	1	"nec"	"nĕc, adv."	"nor, and..not; not..either, not even;"	6689
451	3	"creatus"	"crĕo, as, are"	"- to create/bring into being/make; to procreate; to beget/sire; to give birth to; - to institute; conjure up; (PASS) to be born/spring from; to be home/native of;"	161
452	1	"nec"	"nĕc, adv."	"nor, and..not; not..either, not even;"	6689
453	3	"genitus"	"gīgno, gĕno, is, ere, genui, genitum"	"to give birth to, bring forth, bear; to beget; to be born (PASSIVE);"	253
454	2	"Filius"	"fīlĭus, ii, m."	"son;"	1091
455	1	"a"	"ā, ăb, ābs, prép. + abl."	"by (agent), from (departure, cause, remote origin/time); after (reference);"	5874
455	3	"a"	"ā, interj."	"ah! alas! ha! ah me!"	91
456	2	"Patre"	"pătĕr, tris, m."	"father; [pater familias, patris familias => head of family/household];"	2272
457	3	"solo"	"sŏlŭm, i, n."	"only/just/merely/barely/alone;"	264
457	3	"solo"	"sōlus, a, um"	"only, single; lonely; alone, having no companion/friend/protector; unique;"	91
457	3	"solo"	"sōlo, as, are"	"to make lonely, desolate; to lay waste, desolate"	2
458	1	"est"	"sŭm, es, esse, fui"	"to be; to exist; (also used to form verb perfect passive tenses) with NOM PERF PPL"	40916
458	3	"est"	"ĕdo, edis, esse, edi, esum"	"to eat/consume/devour; to eat away (fire/water/disease); to destroy; to spend money on"	99
459	1	"non"	"nōn, adv. neg."	"not, by no means, no; [non modo ... sed etiam => not only ... but also];"	21761
460	2	"factus"	"fīo, is, fieri, factus sum"	"to happen, come about; to result (from); to take place, be held, occur, arise (event); to develop;"	2067
460	3	"factus"	"fāctŭs, us, m."	"construction, quantité d'huile fournie par un tour de pressoir"	2
461	1	"nec"	"nĕc, adv."	"nor, and..not; not..either, not even;"	6689
462	3	"creatus"	"crĕo, as, are"	"- to create/bring into being/make; to procreate; to beget/sire; to give birth to; - to institute; conjure up; (PASS) to be born/spring from; to be home/native of;"	161
463	1	"sed"	"sĕd, conj."	"but, but also; yet; however, but in fact/truth; not to mention; yes but;"	9689
464	3	"genitus"	"gīgno, gĕno, is, ere, genui, genitum"	"to give birth to, bring forth, bear; to beget; to be born (PASSIVE);"	253
465	3	"Spiritus"	"spīrĭtus, us, m."	"breath, breathing, air, soul, life;"	257
466	3	"Sanctus"	"sānctus, a, um"	"consecrated, sacred, inviolable; venerable, august, divine, holy, pious, just;"	320
466	3	"Sanctus"	"sāncĭo, is, ire, sanxi, sanctum"	"to confirm, ratify; to sanction; to fulfill (prophesy); to enact (law); to ordain; to dedicate;"	66
466	3	"Sanctus"	"Sānctus, i, m."	"Severus Sanctus (poète bucolique chrétien)"	3
467	1	"a"	"ā, ăb, ābs, prép. + abl."	"by (agent), from (departure, cause, remote origin/time); after (reference);"	5874
467	3	"a"	"ā, interj."	"ah! alas! ha! ah me!"	91
468	2	"Patre"	"pătĕr, tris, m."	"father; [pater familias, patris familias => head of family/household];"	2272
469	1	"et"	"ĕt, conj. adv."	"and, and even; also, even; (et ... et = both ... and);"	42726
470	2	"Filio"	"fīlĭus, ii, m."	"son;"	1091
471	1	"non"	"nōn, adv. neg."	"not, by no means, no; [non modo ... sed etiam => not only ... but also];"	21761
472	2	"factus"	"fīo, is, fieri, factus sum"	"to happen, come about; to result (from); to take place, be held, occur, arise (event); to develop;"	2067
472	3	"factus"	"fāctŭs, us, m."	"construction, quantité d'huile fournie par un tour de pressoir"	2
473	1	"nec"	"nĕc, adv."	"nor, and..not; not..either, not even;"	6689
474	3	"creatus"	"crĕo, as, are"	"- to create/bring into being/make; to procreate; to beget/sire; to give birth to; - to institute; conjure up; (PASS) to be born/spring from; to be home/native of;"	161
475	1	"nec"	"nĕc, adv."	"nor, and..not; not..either, not even;"	6689
476	3	"genitus"	"gīgno, gĕno, is, ere, genui, genitum"	"to give birth to, bring forth, bear; to beget; to be born (PASSIVE);"	253
477	1	"sed"	"sĕd, conj."	"but, but also; yet; however, but in fact/truth; not to mention; yes but;"	9689
478	3	"procedens"	"prōcēdo, is, ere, cessi, cessum"	"to proceed; to advance; to appear;"	315
479	2	"unus"	"ūnus, a, um, sing."	"alone, a single/sole; some, some one; only (pl.); one set of (denoting entity);"	3148
480	2	"ergo"	"ērgō, conj."	"therefore; well, then, now;"	1450
481	2	"Pater"	"pătĕr, tris, m."	"father; [pater familias, patris familias => head of family/household];"	2272
482	1	"non"	"nōn, adv. neg."	"not, by no means, no; [non modo ... sed etiam => not only ... but also];"	21761
483	3	"tres"	"trēs, ium"	"three;"	496
484	2	"Patres"	"pătĕr, tris, m."	"father; [pater familias, patris familias => head of family/household];"	2272
484	3	"Patres"	"pātro, as, are"	"to accomplish, bring to completion;"	30
485	2	"unus"	"ūnus, a, um, sing."	"alone, a single/sole; some, some one; only (pl.); one set of (denoting entity);"	3148
486	2	"Filius"	"fīlĭus, ii, m."	"son;"	1091
487	1	"non"	"nōn, adv. neg."	"not, by no means, no; [non modo ... sed etiam => not only ... but also];"	21761
488	3	"tres"	"trēs, ium"	"three;"	496
489	2	"Filii"	"fīlĭus, ii, m."	"son;"	1091
490	2	"unus"	"ūnus, a, um, sing."	"alone, a single/sole; some, some one; only (pl.); one set of (denoting entity);"	3148
491	3	"Spiritus"	"spīrĭtus, us, m."	"breath, breathing, air, soul, life;"	257
492	3	"Sanctus"	"sānctus, a, um"	"consecrated, sacred, inviolable; venerable, august, divine, holy, pious, just;"	320
492	3	"Sanctus"	"sāncĭo, is, ire, sanxi, sanctum"	"to confirm, ratify; to sanction; to fulfill (prophesy); to enact (law); to ordain; to dedicate;"	66
492	3	"Sanctus"	"Sānctus, i, m."	"Severus Sanctus (poète bucolique chrétien)"	3
493	1	"non"	"nōn, adv. neg."	"not, by no means, no; [non modo ... sed etiam => not only ... but also];"	21761
494	3	"tres"	"trēs, ium"	"three;"	496
495	3	"Spiritus"	"spīrĭtus, us, m."	"breath, breathing, air, soul, life;"	257
496	3	"Sancti"	"sānctus, a, um"	"consecrated, sacred, inviolable; venerable, august, divine, holy, pious, just;"	320
496	3	"Sancti"	"sāncĭo, is, ire, sanxi, sanctum"	"to confirm, ratify; to sanction; to fulfill (prophesy); to enact (law); to ordain; to dedicate;"	66
496	3	"Sancti"	"Sānctus, i, m."	"Severus Sanctus (poète bucolique chrétien)"	3
496	3	"Sancti"	"sānctum, i, n."	"a holy place"	3
497	1	"Et"	"ĕt, conj. adv."	"and, and even; also, even; (et ... et = both ... and);"	42726
498	1	"in"	"ĭn, īndŭ, prép. + acc. ou + abl."	"in, into, on"	30083
499	1	"hac"	"hīc, haec, hoc, adj. pron."	"this; these"	20391
499	3	"hac"	"hāc, adv."	"in this place"	94
500	3	"Trinitate"	"unknown"	""	
501	2	"nihil"	"nĭhĭl, pron."	"rien"	2000
502	3	"prius"	"prĭŭs, adv."	"earlier times/events/actions; a logically prior proposition"	0
503	1	"aut"	"āut, conj. coord."	"or, or rather/else; either...or (aut...aut) (emphasizing one);"	6784
504	3	"posterius"	"pōstĕrus, a, um"	"coming after, following, next; COMP next in order, latter; SUPER last/hindmost"	295
504	3	"posterius"	"pōstĕrĭŭs, adv."	"later, at a later day; by and by;"	20
505	2	"nihil"	"nĭhĭl, pron."	"rien"	2000
506	1	"maius"	"māgnus, a, um"	"- large/great/big/vast/huge; much; powerful; tall/long/broad; extensive/ - great (achievement); mighty; distinguished; skilled; bold/confident; proud;"	6056
507	1	"aut"	"āut, conj. coord."	"or, or rather/else; either...or (aut...aut) (emphasizing one);"	6784
508	2	"minus"	"mĭnŭs, adv."	"less; not so well; not quite;"	888
508	2	"minus"	"pārvus, a, um"	"small, little, cheap; unimportant; (SUPER) smallest, least;"	1267
509	1	"Sed"	"sĕd, conj."	"but, but also; yet; however, but in fact/truth; not to mention; yes but;"	9689
510	3	"totae"	"tōtus, a, um"	"whole, all, entire, total, complete; every part; all together/at once;"	0
511	3	"tres"	"trēs, ium"	"three;"	496
512	3	"personae"	"pērsōna, ae, f."	"mask; character; personality;"	126
512	3	"personae"	"pērsŏnus, a, um"	"resounding, ringing"	2
513	3	"coaeternae"	"unknown"	""	
514	1	"sibi"	"sē, sui, pron. réfl."	"himself, herself, itself, themselves"	9722
514	3	"sibi"	"sĭbus, a, um"	"fin, avisé"	2
515	1	"sunt"	"sŭm, es, esse, fui"	"to be; to exist; (also used to form verb perfect passive tenses) with NOM PERF PPL"	40916
516	1	"et"	"ĕt, conj. adv."	"and, and even; also, even; (et ... et = both ... and);"	42726
517	3	"coaequales"	"cŏāequālĭs, e"	"one of same age, contemporary; comrade/companion of same age (L+S);"	2
518	2	"Ita"	"ĭtā, adv."	"thus, so; therefore;"	2861
518	3	"Ita"	"ĭto, āvi, 1, intr."	"to go"	2
519	1	"ut"	"ŭt, ŭtŭt, conj. sub. + ind. ou subj."	"to (+ subjunctive), in order that/to; how, as, when, while; even if;"	10753
520	2	"per"	"pĕr, prép. + acc."	"through (space); during (time); by, by means of;"	4691
521	2	"omnia"	"ōmnĭs, e"	"all men (pl.), all persons;"	2203
521	3	"omnia"	"ōmne, is, n."	"every thing"	0
522	3	"sicut"	"sīcŭt, adv."	"as, just as; like; in same way; as if; as it certainly is; as it were;"	326
523	2	"iam"	"jăm, jāmjăm, adv."	"now, already, by/even now; besides; [non ~ => no longer; ~ pridem => long ago];"	4207
524	3	"supra"	"sū̆prā, adv."	"above, beyond; over; more than; in charge of, in authority over;"	161
525	1	"dictum"	"dīco, is, ere, dixi, dictum"	"to say, declare, state; to allege, declare positively; to assert; to plead (case); to mean;"	7210
525	3	"dictum"	"dīctŭm, i, n."	"words/utterance/remark; one's word/promise; saying/maxim; bon mot, witticism;"	352
526	1	"est"	"sŭm, es, esse, fui"	"to be; to exist; (also used to form verb perfect passive tenses) with NOM PERF PPL"	40916
526	3	"est"	"ĕdo, edis, esse, edi, esum"	"to eat/consume/devour; to eat away (fire/water/disease); to destroy; to spend money on"	99
527	1	"et"	"ĕt, conj. adv."	"and, and even; also, even; (et ... et = both ... and);"	42726
528	3	"Trinitas"	"unknown"	""	
529	1	"in"	"ĭn, īndŭ, prép. + acc. ou + abl."	"in, into, on"	30083
530	3	"unitate"	"ūnĭtās, ātis, f."	"the state of being one, oneness, unity."	6
531	1	"et"	"ĕt, conj. adv."	"and, and even; also, even; (et ... et = both ... and);"	42726
532	3	"unitas"	"ūnĭtās, ātis, f."	"the state of being one, oneness, unity."	6
533	1	"in"	"ĭn, īndŭ, prép. + acc. ou + abl."	"in, into, on"	30083
534	3	"Trinitate"	"unknown"	""	
535	3	"veneranda"	"vĕnĕrāndus, a, um"	"vénérable, respectable"	19
535	3	"veneranda"	"vĕnĕro, as, are"	"to adore, revere, do homage to, honor, venerate; to worship; to beg, pray, entreat;"	3
536	1	"sit"	"sŭm, es, esse, fui"	"to be; to exist; (also used to form verb perfect passive tenses) with NOM PERF PPL"	40916
537	1	"Qui"	"quī, quae, quod, pron. rel."	"who; that; which, what; of which kind/degree; person/thing/time/point that"	41601
537	1	"Qui"	"quĭs, quae, quid, pron. interr."	"who? which? what? what man?"	13642
537	3	"Qui"	"quī, adv."	"how?; how so; in what way; by what/which means; whereby; at whatever price;"	193
537	3	"Qui"	"quĕo, is, ire, ii ou iui, itum"	"to be able;"	191
538	2	"vult"	"vŏlo, uis, uelle, uolui"	"to wish, want, prefer; to be willing, will"	3862
539	2	"ergo"	"ērgō, conj."	"therefore; well, then, now;"	1450
540	3	"salvus"	"sālvos, a, um"	"en bonne santé"	277
541	1	"esse"	"sŭm, es, esse, fui"	"to be; to exist; (also used to form verb perfect passive tenses) with NOM PERF PPL"	40916
541	3	"esse"	"ĕdo, edis, esse, edi, esum"	"to eat/consume/devour; to eat away (fire/water/disease); to destroy; to spend money on"	99
542	2	"ita"	"ĭtā, adv."	"thus, so; therefore;"	2861
542	3	"ita"	"ĭto, āvi, 1, intr."	"to go"	2
543	1	"de"	"dē, prép. + abl."	"down/away from, from, off; about, of, concerning; according to; with regard to;"	6164
544	3	"Trinitate"	"unknown"	""	
545	2	"sentiat"	"sēntĭo, is, ire, sensi, sensum"	"to perceive, feel, experience; to think, realize, see, understand;"	883
546	1	"Sed"	"sĕd, conj."	"but, but also; yet; however, but in fact/truth; not to mention; yes but;"	9689
547	3	"necessarium"	"nĕcēssārĭus, a, um"	"necessary/needed/essential/indispensable; vital/private (body part); close - inevitable, fateful; urgent/critical; unavoidable/compulsory; natural"	279
547	3	"necessarium"	"nĕcēssārĭus, i, m."	"relative; connection, one closely connected by friendship/family/obligation"	78
548	1	"est"	"sŭm, es, esse, fui"	"to be; to exist; (also used to form verb perfect passive tenses) with NOM PERF PPL"	40916
548	3	"est"	"ĕdo, edis, esse, edi, esum"	"to eat/consume/devour; to eat away (fire/water/disease); to destroy; to spend money on"	99
549	1	"ad"	"ăd, prép. + acc."	"to, up to, towards; near, at; until, on, by; almost; according to; about w/NUM;"	11922
550	3	"aeternam"	"āetērnus, a, um"	"eternal/everlasting/imperishable; perpetual, w/out start/end; [in ~=>forever];"	232
551	2	"salutum"	"sălūs, utis, f."	"health; prosperity; good wish; greeting; salvation, safety;"	851
552	1	"ut"	"ŭt, ŭtŭt, conj. sub. + ind. ou subj."	"to (+ subjunctive), in order that/to; how, as, when, while; even if;"	10753
553	3	"incarnationem"	"unknown"	""	
554	2	"quoque"	"quŏquĕ, adv."	"likewise/besides/also/too; not only; even/actually; (after word emphasized);"	2291
554	2	"quoque"	"quīsquĕ, quaeque, quidque, pron."	"whoever, whatever it be, each, every, every body, every one, every thing"	1478
555	2	"Domini"	"dŏmĭnus, i, m."	"owner, lord, master; the Lord; title for ecclesiastics/gentlemen;"	675
555	3	"Domini"	"dŏmĭnĭŭm, ii, n."	"rule, dominion; ownership; banquet, feast;"	13
555	3	"Domini"	"Dŏmĭnus, i, m."	"Seigneur"	0
556	2	"nostri"	"nōstĕr, tra, trum, adj. pron."	"our;"	2823
557	3	"Iesu"	"Jēsūs, npr. m."	"Jésus"	0
558	3	"Christi"	"Chrīstus, i, m."	"Christ;"	5
559	3	"fideliter"	"fĭdēlĭtĕr, adv."	"with reliance on God;"	24
560	2	"credat"	"crēdo, is, ere, didi, ditum"	"- to trust, entrust; to commit/consign; to believe, trust in, rely on, confide; to suppose; sure;"	1822
561	1	"Est"	"sŭm, es, esse, fui"	"to be; to exist; (also used to form verb perfect passive tenses) with NOM PERF PPL"	40916
561	3	"Est"	"ĕdo, edis, esse, edi, esum"	"to eat/consume/devour; to eat away (fire/water/disease); to destroy; to spend money on"	99
562	2	"ergo"	"ērgō, conj."	"therefore; well, then, now;"	1450
563	2	"fides"	"fĭdēs, ei, f."	"faith, loyalty; honesty; credit; confidence, trust, belief; good faith"	1305
563	3	"fides"	"fīdo, is ere, fisus sum"	"to trust (in), have confidence (in) (w/DAT or ABL);"	53
563	3	"fides"	"fĭdĕs, ium, f. pl."	"chord, instrument string; constellation Lyra; stringed instrument (pl.); lyre;"	0
564	3	"recta"	"rĕgo, is, ere, rexi, rectum"	"to rule, guide; to manage, direct;"	296
564	3	"recta"	"rēctus, a, um"	"right, proper; straight; honest;"	252
564	3	"recta"	"rēctā, adv."	"directly, straight;"	16
564	3	"recta"	"rēctum, i, n."	"that which is right, good, virtuous; uprightness, rectitude, virtue, subjective-clause"	63
565	1	"ut"	"ŭt, ŭtŭt, conj. sub. + ind. ou subj."	"to (+ subjunctive), in order that/to; how, as, when, while; even if;"	10753
566	2	"credamus"	"crēdo, is, ere, didi, ditum"	"- to trust, entrust; to commit/consign; to believe, trust in, rely on, confide; to suppose; sure;"	1822
567	1	"et"	"ĕt, conj. adv."	"and, and even; also, even; (et ... et = both ... and);"	42726
568	3	"confiteamur"	"cōnfĭtĕŏr, eris, eri, fessus sum"	"to acknowledge, confess, own, avow (an error, mistake, or a fact previously denied or doubted)"	190
569	2	"quod"	"quŏd, conj. sub."	"That, in that, because; Wherefore, why, that"	3725
569	1	"quod"	"quī, quae, quod, pron. rel."	"who; that; which, what; of which kind/degree; person/thing/time/point that"	41601
570	2	"Dominus"	"dŏmĭnus, i, m."	"owner, lord, master; the Lord; title for ecclesiastics/gentlemen;"	675
570	3	"Dominus"	"Dŏmĭnus, i, m."	"Seigneur"	0
571	2	"noster"	"nōstĕr, tra, trum, adj. pron."	"our;"	2823
572	3	"Iesus"	"Jēsūs, npr. m."	"Jésus"	0
573	3	"Christus"	"Chrīstus, i, m."	"Christ;"	5
574	2	"Dei"	"dĕus, i, m."	"a god, a deity"	2679
575	2	"Filius"	"fīlĭus, ii, m."	"son;"	1091
576	2	"Deus"	"dĕus, i, m."	"a god, a deity"	2679
577	1	"et"	"ĕt, conj. adv."	"and, and even; also, even; (et ... et = both ... and);"	42726
578	2	"homo"	"hŏmō̆, minis, m."	"man, human being, person, fellow; [novus homo => nouveau riche];"	4510
579	1	"est"	"sŭm, es, esse, fui"	"to be; to exist; (also used to form verb perfect passive tenses) with NOM PERF PPL"	40916
579	3	"est"	"ĕdo, edis, esse, edi, esum"	"to eat/consume/devour; to eat away (fire/water/disease); to destroy; to spend money on"	99
580	2	"Deus"	"dĕus, i, m."	"a god, a deity"	2679
581	1	"ex"	"ēx, prép. + abl."	"out of, from; by reason of; according to; because of, as a result of;"	6934
582	3	"substantia"	"sūbstāntĭa, ae, f."	"that of which a thing consists, the being, essence, contents, material, substance, every thing that exists"	6
583	2	"Patris"	"pătĕr, tris, m."	"father; [pater familias, patris familias => head of family/household];"	2272
583	2	"Patris"	"pā̆trĭa, ae, f. sing."	"native land; home, native city; one's country;"	708
583	3	"Patris"	"pā̆trĭus, a, um"	"father's, paternal; ancestral;"	332
583	3	"Patris"	"Pā̆trāe, arum, f."	"a very ancient city in Achaia, on the promontory of Rhium, Patras"	2
584	2	"ante"	"āntĕ, prép. +acc."	"in front/presence of, in view; before (space/time/degree); over against,"	942
584	3	"ante"	"āntēs, ium, m."	"rows, ranks"	3
585	3	"saecula"	"sāecŭlŭm, i, n."	"time; past/present/future (Plater); [in ~ => forever];"	190
586	3	"genitus"	"gīgno, gĕno, is, ere, genui, genitum"	"to give birth to, bring forth, bear; to beget; to be born (PASSIVE);"	253
587	1	"et"	"ĕt, conj. adv."	"and, and even; also, even; (et ... et = both ... and);"	42726
588	2	"homo"	"hŏmō̆, minis, m."	"man, human being, person, fellow; [novus homo => nouveau riche];"	4510
589	1	"ex"	"ēx, prép. + abl."	"out of, from; by reason of; according to; because of, as a result of;"	6934
590	3	"substantia"	"sūbstāntĭa, ae, f."	"that of which a thing consists, the being, essence, contents, material, substance, every thing that exists"	6
591	2	"matris"	"mātĕr, tris, f."	"mother, foster mother; lady, matron; origin, source, motherland, mother city;"	992
592	1	"in"	"ĭn, īndŭ, prép. + acc. ou + abl."	"in, into, on"	30083
593	3	"saeculo"	"sāecŭlŭm, i, n."	"time; past/present/future (Plater); [in ~ => forever];"	190
594	3	"natus"	"nātus, i, m."	"born, arisen; made; destined; designed, intended, produced by nature; aged,"	318
594	2	"natus"	"nāscŏr, eris, i, natus sum"	"to be born, to be begotten"	502
594	3	"natus"	"nātŭs, us, m."	"birth;"	53
594	3	"natus"	"nātus, a, um"	"born;"	76
594	3	"natus"	"nō, as, are"	"to swim, float;"	43
595	3	"Perfectus"	"pērfĭcĭo, is, ere, feci, fectum"	"to complete, finish; execute; to bring about, accomplish; to do thoroughly;"	182
595	3	"Perfectus"	"pērfēctus, a, um"	"perfect, complete; excellent;"	113
596	2	"Deus"	"dĕus, i, m."	"a god, a deity"	2679
597	3	"perfectus"	"pērfĭcĭo, is, ere, feci, fectum"	"to complete, finish; execute; to bring about, accomplish; to do thoroughly;"	182
597	3	"perfectus"	"pērfēctus, a, um"	"perfect, complete; excellent;"	113
598	2	"homo"	"hŏmō̆, minis, m."	"man, human being, person, fellow; [novus homo => nouveau riche];"	4510
599	1	"ex"	"ēx, prép. + abl."	"out of, from; by reason of; according to; because of, as a result of;"	6934
600	3	"anima"	"ănĭma, ae, f."	"soul, spirit, vital principle; life; breathing; wind, breeze; air (element);"	351
600	3	"anima"	"ănĭmo, as, are"	"to animate, give/bring life; to revive, refresh; to rouse, animate; to inspire; to blow;"	3
601	3	"rationali"	"rătiōnālĭs, e"	"raisonnable, doué de raison"	36
602	1	"et"	"ĕt, conj. adv."	"and, and even; also, even; (et ... et = both ... and);"	42726
603	2	"humana"	"hūmānus, a, um"	"human; kind; humane, civilized, refined; [~ hostiae => human sacrifice];"	567
603	3	"humana"	"hūmāna, orum, n."	"human affairs, the concerns of men, events of life."	50
603	3	"humana"	"hūmānum, i, n."	"that which is human, mortal, Dae."	5
604	3	"carne"	"cărō̆, carnis, f."	"meat, flesh; the_body; pulpy/fleshy/soft parts (plant), sapwood; low passions;"	47
605	3	"subsistens"	"sūbsīsto, is, ere, stiti, -"	"to halt, stand; to cause to stop;"	77
606	3	"Aequalis"	"āequālĭs, e"	"comrade; person of one's age/rank/ability, contemporary; equivalent;"	60
607	2	"Patri"	"pătĕr, tris, m."	"father; [pater familias, patris familias => head of family/household];"	2272
607	3	"Patri"	"pā̆trĭus, a, um"	"father's, paternal; ancestral;"	332
608	3	"secundum"	"sĕcūndus, a, um"	"next, following; second; substituted; secondary/inferior; subordinate;"	440
608	3	"secundum"	"sĕcūndŭm, + acc"	"after; according to; along/next to, following/immediately after, close behind;"	5
609	3	"divinitatem"	"dīvīnĭtās, atis, f."	"divinity, quality/nature of God; divine excellence/power/being; divining;"	14
610	2	"minor"	"pārvus, a, um"	"small, little, cheap; unimportant; (SUPER) smallest, least;"	1267
610	3	"minor"	"mĭnŏr, aris, ari, atus sum"	"to threaten, menace one with any thing"	0
611	2	"Patre"	"pătĕr, tris, m."	"father; [pater familias, patris familias => head of family/household];"	2272
612	3	"secundum"	"sĕcūndus, a, um"	"next, following; second; substituted; secondary/inferior; subordinate;"	440
612	3	"secundum"	"sĕcūndŭm, + acc"	"after; according to; along/next to, following/immediately after, close behind;"	5
613	3	"humanitatem"	"hūmānĭtās, atis, f."	"human nature/character/feeling; kindness/courtesy; culture/civilization;"	160
614	1	"Qui"	"quī, quae, quod, pron. rel."	"who; that; which, what; of which kind/degree; person/thing/time/point that"	41601
614	1	"Qui"	"quĭs, quae, quid, pron. interr."	"who? which? what? what man?"	13642
614	3	"Qui"	"quī, adv."	"how?; how so; in what way; by what/which means; whereby; at whatever price;"	193
614	3	"Qui"	"quĕo, is, ire, ii ou iui, itum"	"to be able;"	191
615	2	"licet"	"lĭcĕo, v. impers."	"to bid on/for, bid, bid at auction; to make a bid;"	1326
615	3	"licet"	"lĭcĕt, adv. conj."	"non traduit / Translation not available."	183
615	3	"licet"	"lĭcĕt, licere, licuit, impers."	"although, granted that; (with subjunctive);"	0
616	2	"Deus"	"dĕus, i, m."	"a god, a deity"	2679
617	1	"sit"	"sŭm, es, esse, fui"	"to be; to exist; (also used to form verb perfect passive tenses) with NOM PERF PPL"	40916
618	1	"et"	"ĕt, conj. adv."	"and, and even; also, even; (et ... et = both ... and);"	42726
619	2	"homo"	"hŏmō̆, minis, m."	"man, human being, person, fellow; [novus homo => nouveau riche];"	4510
620	1	"non"	"nōn, adv. neg."	"not, by no means, no; [non modo ... sed etiam => not only ... but also];"	21761
621	2	"duo"	"dŭŏ, ae, o, pl."	"two (pl.);"	1290
622	2	"tamen"	"tămĕn, āttămĕn, adv."	"yet, nevertheless, still;"	3773
623	1	"sed"	"sĕd, conj."	"but, but also; yet; however, but in fact/truth; not to mention; yes but;"	9689
624	2	"unus"	"ūnus, a, um, sing."	"alone, a single/sole; some, some one; only (pl.); one set of (denoting entity);"	3148
625	1	"est"	"sŭm, es, esse, fui"	"to be; to exist; (also used to form verb perfect passive tenses) with NOM PERF PPL"	40916
625	3	"est"	"ĕdo, edis, esse, edi, esum"	"to eat/consume/devour; to eat away (fire/water/disease); to destroy; to spend money on"	99
626	3	"Christus"	"Chrīstus, i, m."	"Christ;"	5
627	2	"unus"	"ūnus, a, um, sing."	"alone, a single/sole; some, some one; only (pl.); one set of (denoting entity);"	3148
628	2	"autem"	"āutĕm, conj. coord."	"but (postpositive), on the other hand/contrary; while, however; moreover, also;"	2095
629	1	"non"	"nōn, adv. neg."	"not, by no means, no; [non modo ... sed etiam => not only ... but also];"	21761
630	3	"conversione"	"cōnvērsĭo, ōnis, f."	"a turning round, revolving, revolution"	8
631	3	"divinitatis"	"dīvīnĭtās, atis, f."	"divinity, quality/nature of God; divine excellence/power/being; divining;"	14
632	1	"in"	"ĭn, īndŭ, prép. + acc. ou + abl."	"in, into, on"	30083
633	3	"carnem"	"cărō̆, carnis, f."	"meat, flesh; the_body; pulpy/fleshy/soft parts (plant), sapwood; low passions;"	47
634	1	"sed"	"sĕd, conj."	"but, but also; yet; however, but in fact/truth; not to mention; yes but;"	9689
635	3	"assumptione"	"unknown"	""	
636	3	"humanitatis"	"hūmānĭtās, atis, f."	"human nature/character/feeling; kindness/courtesy; culture/civilization;"	160
637	1	"in"	"ĭn, īndŭ, prép. + acc. ou + abl."	"in, into, on"	30083
638	2	"Deum"	"dĕus, i, m."	"a god, a deity"	2679
639	2	"unus"	"ūnus, a, um, sing."	"alone, a single/sole; some, some one; only (pl.); one set of (denoting entity);"	3148
640	3	"omnino"	"ōmnīnō, adv."	"entirely, altogether; [after negatives/with numerals => at all/in all];"	375
641	1	"non"	"nōn, adv. neg."	"not, by no means, no; [non modo ... sed etiam => not only ... but also];"	21761
642	3	"confusione"	"cōnfūsĭō̆, ionis, f."	"mingling/mixture/union; confusion/confounding/disorder; trouble; blushing/"	19
643	3	"substantiae"	"sūbstāntĭa, ae, f."	"that of which a thing consists, the being, essence, contents, material, substance, every thing that exists"	6
644	1	"sed"	"sĕd, conj."	"but, but also; yet; however, but in fact/truth; not to mention; yes but;"	9689
645	3	"unitate"	"ūnĭtās, ātis, f."	"the state of being one, oneness, unity."	6
646	3	"personae"	"pērsōna, ae, f."	"mask; character; personality;"	126
646	3	"personae"	"pērsŏnus, a, um"	"resounding, ringing"	2
647	2	"Nam"	"năm, conj."	"for, on the other hand; for instance;"	2998
648	3	"sicut"	"sīcŭt, adv."	"as, just as; like; in same way; as if; as it certainly is; as it were;"	326
649	3	"anima"	"ănĭma, ae, f."	"soul, spirit, vital principle; life; breathing; wind, breeze; air (element);"	351
649	3	"anima"	"ănĭmo, as, are"	"to animate, give/bring life; to revive, refresh; to rouse, animate; to inspire; to blow;"	3
650	3	"rationalis"	"rătiōnālĭs, e"	"raisonnable, doué de raison"	36
651	1	"et"	"ĕt, conj. adv."	"and, and even; also, even; (et ... et = both ... and);"	42726
652	3	"caro"	"căvĕo, es, ere, caui, cautum"	"to beware, avoid, take precautions/defensive action; to give/get surety; to stipulate;"	326
652	3	"caro"	"cārus, chārus, a, um"	"dear, beloved; costly, precious, valued; high-priced, expensive;"	406
652	3	"caro"	"cărō̆, carnis, f."	"meat, flesh; the_body; pulpy/fleshy/soft parts (plant), sapwood; low passions;"	47
653	2	"unus"	"ūnus, a, um, sing."	"alone, a single/sole; some, some one; only (pl.); one set of (denoting entity);"	3148
654	1	"est"	"sŭm, es, esse, fui"	"to be; to exist; (also used to form verb perfect passive tenses) with NOM PERF PPL"	40916
654	3	"est"	"ĕdo, edis, esse, edi, esum"	"to eat/consume/devour; to eat away (fire/water/disease); to destroy; to spend money on"	99
655	2	"homo"	"hŏmō̆, minis, m."	"man, human being, person, fellow; [novus homo => nouveau riche];"	4510
656	2	"ita"	"ĭtā, adv."	"thus, so; therefore;"	2861
656	3	"ita"	"ĭto, āvi, 1, intr."	"to go"	2
657	2	"Deus"	"dĕus, i, m."	"a god, a deity"	2679
658	1	"et"	"ĕt, conj. adv."	"and, and even; also, even; (et ... et = both ... and);"	42726
659	2	"homo"	"hŏmō̆, minis, m."	"man, human being, person, fellow; [novus homo => nouveau riche];"	4510
660	2	"unus"	"ūnus, a, um, sing."	"alone, a single/sole; some, some one; only (pl.); one set of (denoting entity);"	3148
661	1	"est"	"sŭm, es, esse, fui"	"to be; to exist; (also used to form verb perfect passive tenses) with NOM PERF PPL"	40916
661	3	"est"	"ĕdo, edis, esse, edi, esum"	"to eat/consume/devour; to eat away (fire/water/disease); to destroy; to spend money on"	99
662	3	"Christus"	"Chrīstus, i, m."	"Christ;"	5
663	1	"Qui"	"quī, quae, quod, pron. rel."	"who; that; which, what; of which kind/degree; person/thing/time/point that"	41601
663	1	"Qui"	"quĭs, quae, quid, pron. interr."	"who? which? what? what man?"	13642
663	3	"Qui"	"quī, adv."	"how?; how so; in what way; by what/which means; whereby; at whatever price;"	193
663	3	"Qui"	"quĕo, is, ire, ii ou iui, itum"	"to be able;"	191
664	2	"passus"	"pătĭŏr, eris, i, passus sum"	"to suffer; to allow; to undergo, endure; to permit"	907
664	3	"passus"	"pāssus, us, m."	"spread out; outstretched; dried;"	168
664	3	"passus"	"pāndo, is, ere, pandi, passum"	"to spread out [passis manibus => with hands outstretched];"	99
664	3	"passus"	"pāssus, a, um"	"outspread, outstretched, extended, open."	8
665	1	"est"	"sŭm, es, esse, fui"	"to be; to exist; (also used to form verb perfect passive tenses) with NOM PERF PPL"	40916
665	3	"est"	"ĕdo, edis, esse, edi, esum"	"to eat/consume/devour; to eat away (fire/water/disease); to destroy; to spend money on"	99
666	2	"pro"	"prō, prép. + abl."	"on behalf of; before; in front/instead of; for; about; according to; as, like;"	2110
667	2	"nostra"	"nōstĕr, tra, trum, adj. pron."	"our;"	2823
668	2	"salute"	"sălūs, utis, f."	"health; prosperity; good wish; greeting; salvation, safety;"	851
669	3	"descendit"	"dēscēndo, is, ere, di, sum"	"to descend, climb/march/come/go/flow/run/hang down; to dismount; to penetrate/sink;"	227
670	1	"ad"	"ăd, prép. + acc."	"to, up to, towards; near, at; until, on, by; almost; according to; about w/NUM;"	11922
671	3	"inferos"	"īnfĕri, orum, m."	"Comp."	55
671	3	"inferos"	"īnfĕr, era, erum"	"qui est au-dessous, inférieur"	8
671	3	"inferos"	"īnfĕrus, a, um"	"below, beneath, underneath; of hell; vile; lower, further down; lowest, last;"	0
672	3	"tertia"	"tērtĭus, a, um"	"the third"	447
672	3	"tertia"	"tērtĭō, as, are"	"thirdly;"	0
673	2	"die"	"dĭes, ei, m. et f."	"day; daylight; (sunlit hours); (24 hours from midnight); open sky; weather;"	2928
673	3	"die"	"dīus, a, um"	"of or belonging to a deity, divine."	9
674	3	"resurrexit"	"rĕsūrgo, is, ere, rexi, rectum"	"to rise/appear again; to rare up again, lift oneself, be restored/rebuilt, revive;"	33
675	1	"a"	"ā, ăb, ābs, prép. + abl."	"by (agent), from (departure, cause, remote origin/time); after (reference);"	5874
675	3	"a"	"ā, interj."	"ah! alas! ha! ah me!"	91
676	2	"mortuis"	"mŏrĭŏr, eris, i, mortuus sum"	"to die"	593
676	3	"mortuis"	"mōrtŭus, i, m."	"a dead person, dead man"	50
676	3	"mortuis"	"mōrtŭus, a, um"	"dead, deceased; limp;"	40
677	3	"Ascendit"	"āscēndo, is, ere, ascendi, ascensum"	"to climb; to go/climb up; to mount, scale; to mount up, embark; to rise, ascend, move upward;"	101
678	1	"ad"	"ăd, prép. + acc."	"to, up to, towards; near, at; until, on, by; almost; according to; about w/NUM;"	11922
679	2	"caelos"	"cāelŭm, cōelum, i, n."	"- chisel; engraving tool; burin; - heaven, sky, heavens; space; air, climate, weather; universe, world; Jehovah;"	940
679	3	"caelos"	"cāelus, i, m."	"ciel, Ciel (fils d'Éther et de Dies, père de Saturne)"	4
680	3	"sedet"	"sĕdĕo, es, ere, sedi, sessum"	"to sit, remain; to settle; to encamp;"	373
680	3	"sedet"	"sēdo, as, are"	"to settle, allay; to restrain; to calm down;"	51
681	1	"ad"	"ăd, prép. + acc."	"to, up to, towards; near, at; until, on, by; almost; according to; about w/NUM;"	11922
682	3	"dexteram"	"dēxtră, dēxtĕra, ou dextera, ae, f."	"on the right of; on the right-hand side of;"	283
683	2	"Dei"	"dĕus, i, m."	"a god, a deity"	2679
684	2	"Patris"	"pătĕr, tris, m."	"father; [pater familias, patris familias => head of family/household];"	2272
684	2	"Patris"	"pā̆trĭa, ae, f. sing."	"native land; home, native city; one's country;"	708
684	3	"Patris"	"pā̆trĭus, a, um"	"father's, paternal; ancestral;"	332
684	3	"Patris"	"Pā̆trāe, arum, f."	"a very ancient city in Achaia, on the promontory of Rhium, Patras"	2
685	3	"omnipotentis"	"ōmnĭpŏtēns, entis"	"all-powerful, omnipotent;"	26
686	2	"Inde"	"īndĕ, adv."	"thence, thenceforth; from that place/time/cause; thereupon;"	728
686	3	"Inde"	"īndo, is, ere, indidi, inditum"	"to put in or on; to introduce;"	100
686	3	"Inde"	"Īndus, i, m."	"the name of two rivers."	11
686	3	"Inde"	"Īndus, a, um"	"Indian, from/of/belonging to India; of Indian ivory; [dens ~ => Indian ivory];"	19
687	2	"venturus"	"vĕnĭo, is, ire, ueni, uentum"	"to come;"	2796
688	1	"est"	"sŭm, es, esse, fui"	"to be; to exist; (also used to form verb perfect passive tenses) with NOM PERF PPL"	40916
688	3	"est"	"ĕdo, edis, esse, edi, esum"	"to eat/consume/devour; to eat away (fire/water/disease); to destroy; to spend money on"	99
689	2	"iudicare"	"jūdĭco, as, are"	"to judge, give judgment; to sentence; to conclude, decide; to declare, appraise;"	905
690	3	"vivos"	"vīvus, a, um"	"alive, fresh; living;"	257
690	3	"vivos"	"vīvus, i, m."	"a living man"	34
691	1	"et"	"ĕt, conj. adv."	"and, and even; also, even; (et ... et = both ... and);"	42726
692	2	"mortuos"	"mŏrĭŏr, eris, i, mortuus sum"	"to die"	593
692	3	"mortuos"	"mōrtŭus, i, m."	"a dead person, dead man"	50
692	3	"mortuos"	"mōrtŭus, a, um"	"dead, deceased; limp;"	40
693	1	"Ad"	"ăd, prép. + acc."	"to, up to, towards; near, at; until, on, by; almost; according to; about w/NUM;"	11922
694	1	"cuius"	"quī, quae, quod, pron. rel."	"who; that; which, what; of which kind/degree; person/thing/time/point that"	41601
694	1	"cuius"	"quĭs, quae, quid, pron. interr."	"who? which? what? what man?"	13642
695	3	"adventum"	"ādvēntus, us, m."	"arrival, approach; visit, appearance, advent; ripening; invasion, incursion;"	301
695	3	"adventum"	"ādvĕnĭo, is, ire, ueni, uentum"	"to come to, to arrive; to arrive at, to reach, be brought; to develop, set in, to arise;"	178
696	2	"omnes"	"ōmnĭs, e"	"all men (pl.), all persons;"	2203
697	2	"homines"	"hŏmō̆, minis, m."	"man, human being, person, fellow; [novus homo => nouveau riche];"	4510
698	3	"resurgere"	"rĕsūrgo, is, ere, rexi, rectum"	"to rise/appear again; to rare up again, lift oneself, be restored/rebuilt, revive;"	33
699	1	"habent"	"hăbĕo, es, ere, bui, bitum"	"to have, hold, consider, think, reason; to manage, keep; to spend/pass (time);"	5460
700	1	"cum"	"cŭm, conj."	"when, as, while; since, because, as"	8916
700	1	"cum"	"cŭm, quŏm, quŭm, prép. + abl. et adv."	"with, together/jointly/along/simultaneous with, amid; supporting; attached;"	5910
701	2	"corporibus"	"cōrpŭs, oris, n."	"- body; person, self; virility; flesh; corpse; trunk; frame(work); collection/ - substantial/material/concrete object/body; particle/atom; corporation, guild;"	2313
702	1	"suis"	"sŭus, a, um, adj. et pron."	"his/one's (own), her (own), hers, its (own); (pl.) their (own), theirs;"	7170
702	3	"suis"	"sŭum, i, n."	"(et surtout pl. sua) son bien, ses biens, leurs biens"	154
702	3	"suis"	"sūs, suis, m. f."	"swine; hog, pig, sow;"	47
702	3	"suis"	"sŭo, is, ere, sŭi, sūtum"	"to sew, stitch, to sew, join, tack together"	2
703	1	"Et"	"ĕt, conj. adv."	"and, and even; also, even; (et ... et = both ... and);"	42726
704	2	"reddituri"	"rēddo, is, ere, ddidi, dditum"	"to return; to restore; to deliver; to hand over, pay back, render, give back; to translate;"	1102
705	1	"sunt"	"sŭm, es, esse, fui"	"to be; to exist; (also used to form verb perfect passive tenses) with NOM PERF PPL"	40916
706	1	"de"	"dē, prép. + abl."	"down/away from, from, off; about, of, concerning; according to; with regard to;"	6164
707	2	"factis"	"fīo, is, fieri, factus sum"	"to happen, come about; to result (from); to take place, be held, occur, arise (event); to develop;"	2067
707	2	"factis"	"fāctŭm, i, n."	"fact, deed, act; achievement;"	592
708	3	"propriis"	"prō̆prĭus, a, um"	"own, very own; individual; special, particular, characteristic;"	298
708	3	"propriis"	"prō̆prĭum, ii, n."	"a possession, property"	10
709	2	"rationem"	"rătĭō̆, ōnis, f."	"account, reckoning, invoice; plan; prudence; method; reasoning; rule; regard;"	1528
710	1	"Et"	"ĕt, conj. adv."	"and, and even; also, even; (et ... et = both ... and);"	42726
711	1	"qui"	"quī, quae, quod, pron. rel."	"who; that; which, what; of which kind/degree; person/thing/time/point that"	41601
711	1	"qui"	"quĭs, quae, quid, pron. interr."	"who? which? what? what man?"	13642
711	3	"qui"	"quī, adv."	"how?; how so; in what way; by what/which means; whereby; at whatever price;"	193
711	3	"qui"	"quĕo, is, ire, ii ou iui, itum"	"to be able;"	191
712	2	"bona"	"bŏnus, a, um"	"good, honest, brave, noble, kind, pleasant, right, useful; valid; healthy;"	2865
712	2	"bona"	"bŏnum, i, n."	"[en gén.] bien"	1349
713	2	"egerunt"	"ăgo, is, ere, egi, actum"	"to drive/urge/conduct/act; to spend (time w/cum); to thank (w/gratias); deliver"	2556
713	3	"egerunt"	"ēgĕro, is, ere, gessi, gestum"	"to carry or bear out, discharge, utter;"	32
714	2	"ibunt"	"ĕo, is, ire, iui, itum"	"to go (of every kind of motion of animate or inanimate things), to walk, ride, sail, fly, move, pass;"	1447
715	1	"in"	"ĭn, īndŭ, prép. + acc. ou + abl."	"in, into, on"	30083
716	2	"vitam"	"vīta, ae, f."	"life, career, livelihood; mode of life;"	2080
717	3	"aeternam"	"āetērnus, a, um"	"eternal/everlasting/imperishable; perpetual, w/out start/end; [in ~=>forever];"	232
718	1	"qui"	"quī, quae, quod, pron. rel."	"who; that; which, what; of which kind/degree; person/thing/time/point that"	41601
718	1	"qui"	"quĭs, quae, quid, pron. interr."	"who? which? what? what man?"	13642
718	3	"qui"	"quī, adv."	"how?; how so; in what way; by what/which means; whereby; at whatever price;"	193
718	3	"qui"	"quĕo, is, ire, ii ou iui, itum"	"to be able;"	191
719	2	"vero"	"vērō, adv."	"yes; in truth; certainly; truly, to be sure; however;"	557
719	2	"vero"	"vērus, a, um"	"true, real, genuine, actual; properly named; well founded; right, fair, proper;"	605
720	2	"mala"	"mălus, a, um"	"bad, evil, wicked; ugly; unlucky;"	844
720	3	"mala"	"māla, ae, f."	"cheeks, jaws;"	33
720	3	"mala"	"mălŭm, i, n."	"evil, mischief; disaster, misfortune, calamity, plague; punishment; harm/hurt"	0
720	3	"mala"	"mālŭm, i, n."	"apple; fruit; lemon; quince; hurt;"	0
721	1	"in"	"ĭn, īndŭ, prép. + acc. ou + abl."	"in, into, on"	30083
722	2	"ignem"	"īgnĭs, is, m."	"fire, brightness; passion, glow of passion;"	840
723	3	"aeternum"	"āetērnus, a, um"	"eternal/everlasting/imperishable; perpetual, w/out start/end; [in ~=>forever];"	232
723	3	"aeternum"	"āetērnŭm, adv."	"forever"	14
724	1	"Haec"	"hīc, haec, hoc, adj. pron."	"this; these"	20391
725	1	"est"	"sŭm, es, esse, fui"	"to be; to exist; (also used to form verb perfect passive tenses) with NOM PERF PPL"	40916
725	3	"est"	"ĕdo, edis, esse, edi, esum"	"to eat/consume/devour; to eat away (fire/water/disease); to destroy; to spend money on"	99
726	2	"fides"	"fĭdēs, ei, f."	"faith, loyalty; honesty; credit; confidence, trust, belief; good faith"	1305
726	3	"fides"	"fīdo, is ere, fisus sum"	"to trust (in), have confidence (in) (w/DAT or ABL);"	53
726	3	"fides"	"fĭdĕs, ium, f. pl."	"chord, instrument string; constellation Lyra; stringed instrument (pl.); lyre;"	0
727	3	"catholica"	"unknown"	""	
728	1	"quam"	"quăm, quāmdĕ, quāndĕ, adv."	"how, than;"	5587
728	1	"quam"	"quī, quae, quod, pron. rel."	"who; that; which, what; of which kind/degree; person/thing/time/point that"	41601
728	1	"quam"	"quĭs, quae, quid, pron. interr."	"who? which? what? what man?"	13642
729	2	"nisi"	"nĭsĭ, conj. sub."	"if not; except, unless;"	2334
730	2	"quisque"	"quīsquĕ, quaeque, quidque, pron."	"whoever, whatever it be, each, every, every body, every one, every thing"	1478
731	3	"fideliter"	"fĭdēlĭtĕr, adv."	"with reliance on God;"	24
732	3	"firmiterque"	"fīrmĭtĕr, adv."	"really, strongly, firmly; steadfastly;"	4
733	2	"crediderit"	"crēdo, is, ere, didi, ditum"	"- to trust, entrust; to commit/consign; to believe, trust in, rely on, confide; to suppose; sure;"	1822
734	3	"salvus"	"sālvos, a, um"	"en bonne santé"	277
735	1	"esse"	"sŭm, es, esse, fui"	"to be; to exist; (also used to form verb perfect passive tenses) with NOM PERF PPL"	40916
735	3	"esse"	"ĕdo, edis, esse, edi, esum"	"to eat/consume/devour; to eat away (fire/water/disease); to destroy; to spend money on"	99
736	1	"non"	"nōn, adv. neg."	"not, by no means, no; [non modo ... sed etiam => not only ... but also];"	21761
737	1	"poterit"	"pōssŭm, potes, posse, potui"	"to be able, can; [multum posse => have much/more/most influence/power];"	9115
