légende : n (a, b, c)
n = a+c
a = nombre de formes rattachées seulement à ce lemme
b = nombre de formes ambiguës (partagées par plusieurs lemmes)
c = nombre probable de formes ambiguës rattachées à ce lemme
------------
46 (46, 0, 0) ĕt, conj. adv. : and, and even; also, even; (et ... et = both ... and);
23 (7, 28, 16) sŭm, es, esse, fui : to be; to exist; (also used to form verb perfect passive tenses) with NOM PERF PPL
20 (19, 1, 1) ūnus, a, um, sing. : alone, a single/sole; some, some one; only (pl.); one set of (denoting entity);
19 (19, 0, 0) ĭn, īndŭ, prép. + acc. ou + abl. : in, into, on
16 (16, 0, 0) Sānctus, i, m. : Severus Sanctus (poète bucolique chrétien)
16 (16, 0, 0) nōn, adv. neg. : not, by no means, no; [non modo ... sed etiam => not only ... but also];
13 (13, 0, 0) trēs, ium : three;
13 (13, 0, 0) sĕd, conj. : but, but also; yet; however, but in fact/truth; not to mention; yes but;
12 (12, 0, 0) Dŏmĭnus, i, m. : Seigneur
12 (0, 28, 12) ĕdo, edis, esse, edi, esum : to eat/consume/devour; to eat away (fire/water/disease); to destroy; to spend money on
10 (8, 2, 2) āetērnus, a, um : eternal/everlasting/imperishable; perpetual, w/out start/end; [in ~=>forever];
10 (10, 0, 0) ăd, prép. + acc. : to, up to, towards; near, at; until, on, by; almost; according to; about w/NUM;
9 (9, 0, 0) ōmnĭpŏtēns, entis : all-powerful, omnipotent;
9 (9, 0, 0) hŏmō̆, minis, m. : man, human being, person, fellow; [novus homo => nouveau riche];
8 (8, 0, 0) dē, prép. + abl. : down/away from, from, off; about, of, concerning; according to; with regard to;
7 (7, 0, 0) ēx, prép. + abl. : out of, from; by reason of; according to; because of, as a result of;
6 (6, 0, 0) Pā̆trāe, arum, f. : a very ancient city in Achaia, on the promontory of Rhium, Patras
6 (6, 0, 0) nĕc, adv. : nor, and..not; not..either, not even;
6 (6, 0, 0) Chrīstus, i, m. : Christ;
6 (0, 14, 6) quī, quae, quod, pron. rel. : who; that; which, what; of which kind/degree; person/thing/time/point that
5 (5, 0, 0) ŭt, ŭtŭt, conj. sub. + ind. ou subj. : to (+ subjunctive), in order that/to; how, as, when, while; even if;
5 (5, 0, 0) tămĕn, āttămĕn, adv. : yet, nevertheless, still;
5 (5, 0, 0) gīgno, gĕno, is, ere, genui, genitum : to give birth to, bring forth, bear; to beget; to be born (PASSIVE);
5 (4, 1, 1) nōstĕr, tra, trum, adj. pron. : our;
5 (4, 1, 1) īmmēnsus, a, um : immeasurable, immense/vast/boundless/unending; infinitely great; innumerable;
5 (0, 13, 5) quĭs, quae, quid, pron. interr. : who? which? what? what man?
4 (4, 0, 0) vĕnĭo, is, ire, ueni, uentum : to come;
4 (4, 0, 0) ūnĭtās, ātis, f. : the state of being one, oneness, unity.
4 (4, 0, 0) sūbstāntĭa, ae, f. : that of which a thing consists, the being, essence, contents, material, substance, every thing that exists
4 (4, 0, 0) sāecŭlŭm, i, n. : time; past/present/future (Plater); [in ~ => forever];
4 (4, 0, 0) rĕsūrgo, is, ere, rexi, rectum : to rise/appear again; to rare up again, lift oneself, be restored/rebuilt, revive;
4 (4, 0, 0) Jēsūs, npr. m. : Jésus
4 (4, 0, 0) crēdo, is, ere, didi, ditum : - to trust, entrust; to commit/consign; to believe, trust in, rely on, confide; to suppose; sure;
4 (3, 1, 1) cărō̆, carnis, f. : meat, flesh; the_body; pulpy/fleshy/soft parts (plant), sapwood; low passions;
4 (1, 5, 3) ōmnĭs, e : all men (pl.), all persons;
4 (0, 7, 4) fīo, is, fieri, factus sum : to happen, come about; to result (from); to take place, be held, occur, arise (event); to develop;
3 (3, 0, 0) vīta, ae, f. : life, career, livelihood; mode of life;
3 (3, 0, 0) sȳmbŏlus, i, m. : pièce justificative d'identité, signe de reconnaissance
3 (3, 0, 0) sīcŭt, adv. : as, just as; like; in same way; as if; as it certainly is; as it were;
3 (3, 0, 0) sālvos, a, um : en bonne santé
3 (3, 0, 0) pĕr, prép. + acc. : through (space); during (time); by, by means of;
3 (3, 0, 0) jūdĭco, as, are : to judge, give judgment; to sentence; to conclude, decide; to declare, appraise;
3 (3, 0, 0) ērgō, conj. : therefore; well, then, now;
3 (3, 0, 0) dīvīnĭtās, atis, f. : divinity, quality/nature of God; divine excellence/power/being; divining;
3 (3, 0, 0) dēxtră, dēxtĕra, ou dextera, ae, f. : on the right of; on the right-hand side of;
3 (3, 0, 0) dēscēndo, is, ere, di, sum : to descend, climb/march/come/go/flow/run/hang down; to dismount; to penetrate/sink;
3 (3, 0, 0) crĕo, as, are : - to create/bring into being/make; to procreate; to beget/sire; to give birth to; - to institute; conjure up; (PASS) to be born/spring from; to be home/native of;
3 (3, 0, 0) cōnfĭtĕŏr, eris, eri, fessus sum : to acknowledge, confess, own, avow (an error, mistake, or a fact previously denied or doubted)
3 (3, 0, 0) āut, conj. coord. : or, or rather/else; either...or (aut...aut) (emphasizing one);
3 (2, 1, 1) sălūs, utis, f. : health; prosperity; good wish; greeting; salvation, safety;
3 (2, 1, 1) quīsquĕ, quaeque, quidque, pron. : whoever, whatever it be, each, every, every body, every one, every thing
3 (2, 1, 1) hīc, haec, hoc, adj. pron. : this; these
3 (0, 6, 3) cāelus, i, m. : ciel, Ciel (fils d'Éther et de Dies, père de Saturne)
3 (0, 6, 3) cāelŭm, cōelum, i, n. : - chisel; engraving tool; burin; - heaven, sky, heavens; space; air, climate, weather; universe, world; Jehovah;
3 (0, 5, 3) ā, interj. : ah! alas! ha! ah me!
3 (0, 5, 3) ā, ăb, ābs, prép. + abl. : by (agent), from (departure, cause, remote origin/time); after (reference);
2 (2, 1, 0) nōs, nostrum pron. pl. : we (pl.), us;
2 (2, 0, 0) vŏlo, uis, uelle, uolui : to wish, want, prefer; to be willing, will
2 (2, 0, 0) vīrgō, ginis, f. : maiden, young woman, girl of marriageable age; virgin, woman sexually intact;
2 (2, 0, 0) tērra, ae, f. : earth, land, ground; country, region;
2 (2, 0, 0) sŭb, prép. + acc. / abl. : under; up to, up under, close to (of motion); until, before, up to, about;
2 (2, 0, 0) sĕpĕlĭo, is, ire, iui (ii), ultum : to bury/inter; (Romans cremate + inter ashes); to submerge, overcome; to suppress; to ruin;
2 (2, 0, 0) rĕmīssĭo, ōnis, f. : a sending back, away, releasing
2 (2, 0, 0) rătiōnālĭs, e : raisonnable, doué de raison
2 (2, 0, 0) prōptĕr, prép. + acc. : near; on account of; by means of; because of;
2 (2, 0, 0) prōcēdo, is, ere, cessi, cessum : to proceed; to advance; to appear;
2 (2, 0, 0) prō, prép. + abl. : on behalf of; before; in front/instead of; for; about; according to; as, like;
2 (2, 0, 0) Pōntĭus, i, m. : Pontius; Roman gens; a Sammite leader; (P~ Pilatus, prefect of Judea 26-36 AD);
2 (2, 0, 0) Pīlātus, i, m. : Pilatus; (Roman cognomen); [Pontius ~ (Pilate) => prefect Judea, 26-36 AD];
2 (2, 0, 0) nĭsĭ, conj. sub. : if not; except, unless;
2 (2, 0, 0) nĭhĭl, pron. : rien
2 (2, 0, 0) lūmĕn, inis, n. : light; lamp, torch; eye (of a person); life; day, daylight;
2 (2, 0, 0) hūmānĭtās, atis, f. : human nature/character/feeling; kindness/courtesy; culture/civilization;
2 (2, 0, 0) glōrĭa, ae, f. : glory, fame; ambition; renown; vainglory, boasting;
2 (2, 0, 0) fĭdēlĭtĕr, adv. : with reliance on God;
2 (2, 0, 0) ēcclē̆sĭa, ae, f. : an assembly of the (Greek) people.
2 (2, 0, 0) āutĕm, conj. coord. : but (postpositive), on the other hand/contrary; while, however; moreover, also;
2 (2, 0, 0) āscēndo, is, ere, ascendi, ascensum : to climb; to go/climb up; to mount, scale; to mount up, embark; to rise, ascend, move upward;
2 (2, 0, 0) āequālĭs, e : comrade; person of one's age/rank/ability, contemporary; equivalent;
2 (1, 3, 1) fĭdēs, ei, f. : faith, loyalty; honesty; credit; confidence, trust, belief; good faith
2 (0, 7, 2) mōrtŭus, i, m. : a dead person, dead man
2 (0, 7, 2) mōrtŭus, a, um : dead, deceased; limp;
2 (0, 7, 2) mŏrĭŏr, eris, i, mortuus sum : to die
2 (0, 5, 2) pērsŏnus, a, um : resounding, ringing
2 (0, 5, 2) pērsōna, ae, f. : mask; character; personality;
2 (0, 5, 2) ōmne, is, n. : every thing
2 (0, 5, 2) fāctŭs, us, m. : construction, quantité d'huile fournie par un tour de pressoir
2 (0, 4, 2) ĭto, āvi, 1, intr. : to go
2 (0, 4, 2) ĭtā, adv. : thus, so; therefore;
2 (0, 3, 2) vīvus, i, m. : a living man
2 (0, 3, 2) vīvus, a, um : alive, fresh; living;
2 (0, 3, 2) vērus, a, um : true, real, genuine, actual; properly named; well founded; right, fair, proper;
2 (0, 3, 2) tērtĭus, a, um : the third
2 (0, 3, 2) tērtĭō, as, are : thirdly;
2 (0, 3, 2) sēdo, as, are : to settle, allay; to restrain; to calm down;
2 (0, 3, 2) sĕdĕo, es, ere, sedi, sessum : to sit, remain; to settle; to encamp;
2 (0, 3, 2) sĕcūndus, a, um : next, following; second; substituted; secondary/inferior; subordinate;
2 (0, 3, 2) sĕcūndŭm, + acc : after; according to; along/next to, following/immediately after, close behind;
2 (0, 3, 2) dīus, a, um : of or belonging to a deity, divine.
2 (0, 3, 2) dĭes, ei, m. et f. : day; daylight; (sunlit hours); (24 hours from midnight); open sky; weather;
2 (0, 3, 2) āntēs, ium, m. : rows, ranks
2 (0, 3, 2) āntĕ, prép. +acc. : in front/presence of, in view; before (space/time/degree); over against,
1 (1, 0, 0) vērĭtās, atis, f. : - truth, fact, accuracy; honesty, truthfulness, frankness; sincerity, - reality, that which is real; real life, actuality; true nature; correctness;
1 (1, 0, 0) ūnūsquīsque, unaquaeque, unumquodque : each, every, every body, every one, every thing
1 (1, 0, 0) ūnĭgĕnĭtus, a, um : only begotten; only;
1 (1, 0, 0) ūnĭcus, a, um : only, sole, single, singular, unique; uncommon, unparalleled; one of a kind;
1 (1, 0, 0) tōtus, a, um : whole, all, entire, total, complete; every part; all together/at once;
1 (1, 0, 0) tĕnĕo, es, ere, ui, tentum : to represent; to support;
1 (1, 0, 0) sū̆prā, adv. : above, beyond; over; more than; in charge of, in authority over;
1 (1, 0, 0) sūbsīsto, is, ere, stiti, - : to halt, stand; to cause to stop;
1 (1, 0, 0) spīrĭtus, us, m. : breath, breathing, air, soul, life;
1 (1, 0, 0) sīngīllātĭm, sīngŭlātĭm, adv. : one by one, singly, separately;
1 (1, 0, 0) sĭmŭl, sĕmŭl, adv. : en même temps, [conj.] dès que
1 (1, 0, 0) sĭmĭlĭtĕr, adv. : similarly;
1 (1, 0, 0) sēu, conj. sub. : or if; or; [sive ... sive => whether ... or, either ... or];
1 (1, 0, 0) sērvo, as, are : to watch over; to protect, store, keep, guard, preserve, save;
1 (1, 0, 0) sēpăro, as, are : to divide, distinguish; separate;
1 (1, 0, 0) sēntĭo, is, ire, sensi, sensum : to perceive, feel, experience; to think, realize, see, understand;
1 (1, 0, 0) rĕlĭgĭō̆, rēllĭgĭo, onis, f. : - supernatural constraint/taboo; obligation; sanction; worship; rite; sanctity; (Bee);
1 (1, 0, 0) rēgnŭm, i, n. : royal power; power; control; kingdom;
1 (1, 0, 0) rēddo, is, ere, ddidi, dditum : to return; to restore; to deliver; to hand over, pay back, render, give back; to translate;
1 (1, 0, 0) rătĭō̆, ōnis, f. : account, reckoning, invoice; plan; prudence; method; reasoning; rule; regard;
1 (1, 0, 0) quīcūmquĕ, quae-, quod- (-cun-) : Whoever, whatever, whosoever, whatsoever, every one who, every thing that, all that
1 (1, 0, 0) quĭă, conj. sub. : because;
1 (1, 0, 0) prŏhĭbĕo, es, ere, bui, bitum : to hinder, restrain; to forbid, prevent;
1 (1, 0, 0) prĭŭs, adv. : earlier times/events/actions; a logically prior proposition
1 (1, 0, 0) pōssŭm, potes, posse, potui : to be able, can; [multum posse => have much/more/most influence/power];
1 (1, 0, 0) pĕrĕo, is, ire, ii, itum : to die, pass away; to be ruined, be destroyed; to go to waste;
1 (1, 0, 0) pătĕr, tris, m. : father; [pater familias, patris familias => head of family/household];
1 (1, 0, 0) ōmnīnō, adv. : entirely, altogether; [after negatives/with numerals => at all/in all];
1 (1, 0, 0) nĕquĕ, conj. coord. : nor [neque..neque=>neither..nor; neque solum..sed etiam=>not only..but also];
1 (1, 0, 0) năm, conj. : for, on the other hand; for instance;
1 (1, 0, 0) mātĕr, tris, f. : mother, foster mother; lady, matron; origin, source, motherland, mother city;
1 (1, 0, 0) mājēstās, atis, f. : - majesty, dignity (of god/rank/position); majesty of people/state; - grandeur, greatness; dignity/majesty (of language);
1 (1, 0, 0) māgnus, a, um : - large/great/big/vast/huge; much; powerful; tall/long/broad; extensive/ - great (achievement); mighty; distinguished; skilled; bold/confident; proud;
1 (1, 0, 0) lŏquŏr, eris, i, locutus sum : to speak, tell; to talk; to mention; to say, utter; to phrase
1 (1, 0, 0) jăm, jāmjăm, adv. : now, already, by/even now; besides; [non ~ => no longer; ~ pridem => long ago];
1 (1, 0, 0) ĭtĕrŭm, adv. : again; a second time; for the second time;
1 (1, 0, 0) ĭs, ea, id, adj. et pron. : he/she/it/they (by GENDER/NUMBER); DEMONST that, he/she/it, they/them;
1 (1, 0, 0) īnvĭŏlātus, a, um : Unhurt, inviolate
1 (1, 0, 0) īntĕgĕr, gra, grum : untouched, entire, whole, complete; uninjured, sound, fresh (troops), vigorous;
1 (1, 0, 0) īgnĭs, is, m. : fire, brightness; passion, glow of passion;
1 (1, 0, 0) hăbĕo, es, ere, bui, bitum : to have, hold, consider, think, reason; to manage, keep; to spend/pass (time);
1 (1, 0, 0) fīrmĭtĕr, adv. : really, strongly, firmly; steadfastly;
1 (1, 0, 0) fīlĭus, ii, m. : son;
1 (1, 0, 0) ĕtĭăm, adv. : - and also, besides/furthermore, in addition/as well; even, actually; yes/ - now too, as yet, still, even now; yet again; likewise; (particle); (et-iam);
1 (1, 0, 0) ĕo, is, ire, iui, itum : to go (of every kind of motion of animate or inanimate things), to walk, ride, sail, fly, move, pass;
1 (1, 0, 0) ĕnĭm, conj. : namely (postpos.); indeed; in fact; for; I mean, for instance, that is to say;
1 (1, 0, 0) dŭŏ, ae, o, pl. : two (pl.);
1 (1, 0, 0) dĕus, i, m. : a god, a deity
1 (1, 0, 0) cōrpŭs, oris, n. : - body; person, self; virility; flesh; corpse; trunk; frame(work); collection/ - substantial/material/concrete object/body; particle/atom; corporation, guild;
1 (1, 0, 0) cōnvērsĭo, ōnis, f. : a turning round, revolving, revolution
1 (1, 0, 0) cōnfūsĭō̆, ionis, f. : mingling/mixture/union; confusion/confounding/disorder; trouble; blushing/
1 (1, 0, 0) cōnfūndo, is, ere, fudi, fusum : - to pour/mix/mass/bring together; to combine/unite/blend/merge; to spread over, - to upset/confuse; to blur/jumble; to bring disorder/ruin; to disfigure; to bewilder, dismay;
1 (1, 0, 0) cōmpēllo, is, ere, puli, pulsum : to drive together (cattle), round up; to force, compel, impel, drive; to squeeze; to gnash;
1 (1, 0, 0) cōmmūnĭo, ōnis, f. : a communion, mutual participation
1 (1, 0, 0) cŏāequālĭs, e : one of same age, contemporary; comrade/companion of same age (L+S);
1 (1, 0, 0) Chrīstĭānus, a, um : Christian;
1 (1, 0, 0) ădōro, as, are : to honor, adore, worship, pay homage, reverence; to beg, plead with, appeal to;
1 (1, 0, 0) āc, conj. coord. : and, and also, and besides;
1 (1, 0, 0) ābsquĕ, prép. + abl. : without, apart from, away from; but for; except for; were it not for; (early);
1 (0, 8, 1) quī, adv. : how?; how so; in what way; by what/which means; whereby; at whatever price;
1 (0, 8, 1) quĕo, is, ire, ii ou iui, itum : to be able;
1 (0, 3, 1) sānctus, a, um : consecrated, sacred, inviolable; venerable, august, divine, holy, pious, just;
1 (0, 3, 1) sāncĭo, is, ire, sanxi, sanctum : to confirm, ratify; to sanction; to fulfill (prophesy); to enact (law); to ordain; to dedicate;
1 (0, 3, 1) pătĭŏr, eris, i, passus sum : to suffer; to allow; to undergo, endure; to permit
1 (0, 3, 1) pāssus, us, m. : spread out; outstretched; dried;
1 (0, 3, 1) pāssus, a, um : outspread, outstretched, extended, open.
1 (0, 3, 1) pāndo, is, ere, pandi, passum : to spread out [passis manibus => with hands outstretched];
1 (0, 3, 1) nō, as, are : to swim, float;
1 (0, 3, 1) nātŭs, us, m. : birth;
1 (0, 3, 1) nātus, i, m. : born, arisen; made; destined; designed, intended, produced by nature; aged,
1 (0, 3, 1) nātus, a, um : born;
1 (0, 3, 1) nāscŏr, eris, i, natus sum : to be born, to be begotten
1 (0, 3, 1) fīdo, is ere, fisus sum : to trust (in), have confidence (in) (w/DAT or ABL);
1 (0, 3, 1) fĭdĕs, ium, f. pl. : chord, instrument string; constellation Lyra; stringed instrument (pl.); lyre;
1 (0, 3, 1) fāctŭm, i, n. : fact, deed, act; achievement;
1 (0, 3, 1) ălĭus, a, ud, pron. : the_one ... the_other (alius ... alius);
1 (0, 3, 1) ālĭum, ii, n. : garlic
1 (0, 3, 1) ălĭā, adv. : in another way, in a different manner
1 (0, 2, 1) vērō, adv. : yes; in truth; certainly; truly, to be sure; however;
1 (0, 2, 1) vĕnĕro, as, are : to adore, revere, do homage to, honor, venerate; to worship; to beg, pray, entreat;
1 (0, 2, 1) tālus, i, m. : ankle; ankle/pastern bone; sheep knucklebone (marked for dice); dice game
1 (0, 2, 1) tālĭs, e : such; so great; so excellent; of such kind;
1 (0, 2, 1) pērfĭcĭo, is, ere, feci, fectum : to complete, finish; execute; to bring about, accomplish; to do thoroughly;
1 (0, 2, 1) pērfēctus, a, um : perfect, complete; excellent;
1 (0, 2, 1) pēcco, as, are : to sin; to do wrong, commit moral offense; to blunder, stumble; to be wrong;
1 (0, 2, 1) pēccātum, i, n. : a fault, error, mistake, transgression, sin
1 (0, 2, 1) pārvus, a, um : small, little, cheap; unimportant; (SUPER) smallest, least;
1 (0, 2, 1) dīco, is, ere, dixi, dictum : to say, declare, state; to allege, declare positively; to assert; to plead (case); to mean;
1 (0, 2, 1) cŭm, quŏm, quŭm, prép. + abl. et adv. : with, together/jointly/along/simultaneous with, amid; supporting; attached;
1 (0, 2, 1) cŭm, conj. : when, as, while; since, because, as
1 (0, 2, 1) ănĭmo, as, are : to animate, give/bring life; to revive, refresh; to rouse, animate; to inspire; to blow;
1 (0, 2, 1) ănĭma, ae, f. : soul, spirit, vital principle; life; breathing; wind, breeze; air (element);
1 (0, 1, 1) sĭbus, a, um : fin, avisé
1 (0, 1, 1) sē, sui, pron. réfl. : himself, herself, itself, themselves
1 (0, 1, 1) scrīptum, i, n. : A line;, a game played with colored stones, on a draught-board marked into spaces by twelve oblique lines
1 (0, 1, 1) scrībo, is, ere, scripsi, scriptum : to write; to compose;
1 (0, 1, 1) prō̆prĭus, a, um : own, very own; individual; special, particular, characteristic;
1 (0, 1, 1) prō̆prĭum, ii, n. : a possession, property
1 (0, 1, 1) pōstĕrus, a, um : coming after, following, next; COMP next in order, latter; SUPER last/hindmost
1 (0, 1, 1) pōstĕrĭŭs, adv. : later, at a later day; by and by;
1 (0, 1, 1) ŏpŭs, operis, n. : need; work; fortifications (pl.), works; [opus est => is useful, beneficial];
1 (0, 1, 1) ŏpus, indecl. n. : chose nécessaire
1 (0, 1, 1) nūllŭs, a, um : no; none, not any; (PRONominal ADJ)
1 (0, 1, 1) nēmō̆, nullius, nt. nihil, nil (rart. neminis), pron. : nobody
1 (0, 1, 1) nĕcēssārĭus, i, m. : relative; connection, one closely connected by friendship/family/obligation
1 (0, 1, 1) nĕcēssārĭus, a, um : necessary/needed/essential/indispensable; vital/private (body part); close - inevitable, fateful; urgent/critical; unavoidable/compulsory; natural
1 (0, 1, 1) īnfērnus, a, um : lower, under; underground, of the lower regions, infernal; of hell;
1 (0, 1, 1) īnfērna, orum, n. : les enfers, parties inférieures, bas ventre
1 (0, 1, 1) Īndus, i, m. : the name of two rivers.
1 (0, 1, 1) Īndus, a, um : Indian, from/of/belonging to India; of Indian ivory; [dens ~ => Indian ivory];
1 (0, 1, 1) īndo, is, ere, indidi, inditum : to put in or on; to introduce;
1 (0, 1, 1) īndĕ, adv. : thence, thenceforth; from that place/time/cause; thereupon;
1 (0, 1, 1) fīnĭs, is, m. f. : boundary, end, limit, goal; (pl.) country, territory, land;
1 (0, 1, 1) fīnĭo, is, ire, iui, itum : to limit, end; to finish; to determine, define; to mark out the boundaries;
1 (0, 1, 1) ēxspēcto, as, are, aui, atum : to lookout for, await; to expect, anticipate, hope for;
1 (0, 1, 1) ēxpēcto, is, ĕre : peigner avec soin d'après
1 (0, 1, 1) ēgĕro, is, ere, gessi, gestum : to carry or bear out, discharge, utter;
1 (0, 1, 1) dŭbĭus, a, um : doubtful, dubious, uncertain; variable, dangerous; critical;
1 (0, 1, 1) dŭbĭŭm, ii, n. : doubt; question;
1 (0, 1, 1) Dĭos, i, m. : marron
1 (0, 1, 1) Dĭŏn, ii, n. : Dium (ville de Crète)
1 (0, 1, 1) cōntrā, prép. + acc. : contre
1 (0, 1, 1) cōntrā, adv. : against, facing, opposite; weighed against; as against; in resistance/reply - contrary to, not in conformance with; the reverse of; otherwise than;
1 (0, 1, 1) cōncĭpĭo, is, ere, cepi, ceptum : - to take in/up, receive, catch; to derive/draw (from); to contain/hold; to grasp; to adopt; - to form, devise; to understand, imagine; to conceive, be mother of; to utter (oath)
1 (0, 1, 1) cōncēptus, us, m. : conceived, imagined; understood, adopted; [verba ~ => solemn/formal utterance];
1 (0, 1, 1) bŏnus, a, um : good, honest, brave, noble, kind, pleasant, right, useful; valid; healthy;
1 (0, 1, 1) bŏnum, i, n. : [en gén.] bien
1 (0, 1, 1) ăgo, is, ere, egi, actum : to drive/urge/conduct/act; to spend (time w/cum); to thank (w/gratias); deliver
1 (0, 1, 1) ādvēntus, us, m. : arrival, approach; visit, appearance, advent; ripening; invasion, incursion;
1 (0, 1, 1) ādvĕnĭo, is, ire, ueni, uentum : to come to, to arrive; to arrive at, to reach, be brought; to develop, set in, to arise;
<1 (0, 2, 0) quăm, quāmdĕ, quāndĕ, adv. : how, than;
<1 (0, 2, 0) pērsŏno, as, are : to make loud/continuous/pervasive noise/loud music; to ring/resound; to chant/shout out;
<1 (0, 2, 0) āetērnŭm, adv. : forever
<1 (0, 1, 0) vērŭm, conj. : yes; in truth; certainly; truly, to be sure; however; (rare form, usu. vero);
<1 (0, 1, 0) vēr, ēris, n. : spring; spring-time of life, youth; [ver sacrum => sacrifice of spring-born];
<1 (0, 1, 0) vĕnĕrŏr, ātus, 1 : to reverence with religious awe, to worship, adore, revere, venerate.
<1 (0, 1, 0) vĕnĕrāndus, a, um : vénérable, respectable
<1 (0, 1, 0) ūnā, adv. : together, together with; at the same time; along with;
<1 (0, 1, 0) sŭus, a, um, adj. et pron. : his/one's (own), her (own), hers, its (own); (pl.) their (own), theirs;
<1 (0, 1, 0) sŭum, i, n. : (et surtout pl. sua) son bien, ses biens, leurs biens
<1 (0, 1, 0) sūs, suis, m. f. : swine; hog, pig, sow;
<1 (0, 1, 0) sŭo, is, ere, sŭi, sūtum : to sew, stitch, to sew, join, tack together
<1 (0, 1, 0) sōlus, a, um : only, single; lonely; alone, having no companion/friend/protector; unique;
<1 (0, 1, 0) sŏlŭm, i, n. : only/just/merely/barely/alone;
<1 (0, 1, 0) sōlo, as, are : to make lonely, desolate; to lay waste, desolate
<1 (0, 1, 0) sānctum, i, n. : a holy place
<1 (0, 1, 0) sānctŏr, ōris, m. : an establisher, ordainer
<1 (0, 1, 0) sălūto, as, are : to greet; to wish well; to visit; to hail, salute;
<1 (0, 1, 0) rĕgo, is, ere, rexi, rectum : to rule, guide; to manage, direct;
<1 (0, 1, 0) rēctus, a, um : right, proper; straight; honest;
<1 (0, 1, 0) rēctum, i, n. : that which is right, good, virtuous; uprightness, rectitude, virtue, subjective-clause
<1 (0, 1, 0) rēctā, adv. : directly, straight;
<1 (0, 1, 0) quŏquĕ, adv. : likewise/besides/also/too; not only; even/actually; (after word emphasized);
<1 (0, 1, 0) quŏd, conj. sub. : That, in that, because; Wherefore, why, that
<1 (0, 1, 0) quālus, i, m. : a wicker basket, hamper, a fruit-hamper, wool-basket, winestrainer
<1 (0, 1, 0) quālum, i, n. : corbeille, panier
<1 (0, 1, 0) quālĭs, e : what kind/sort/condition (of); what is (he/it) like; what/how excellent a ...;
<1 (0, 1, 0) mĭnŭs, adv. : less; not so well; not quite;
<1 (0, 1, 0) mĭnŏr, aris, ari, atus sum : to threaten, menace one with any thing
<1 (0, 1, 0) mălus, a, um : bad, evil, wicked; ugly; unlucky;
<1 (0, 1, 0) mălŭm, i, n. : evil, mischief; disaster, misfortune, calamity, plague; punishment; harm/hurt
<1 (0, 1, 0) mālŭm, i, n. : apple; fruit; lemon; quince; hurt;
<1 (0, 1, 0) māla, ae, f. : cheeks, jaws;
<1 (0, 1, 0) lĭcĕt, licere, licuit, impers. : although, granted that; (with subjunctive);
<1 (0, 1, 0) lĭcĕt, adv. conj. : non traduit / Translation not available.
<1 (0, 1, 0) lĭcĕo, v. impers. : to bid on/for, bid, bid at auction; to make a bid;
<1 (0, 1, 0) īnfĕrus, a, um : below, beneath, underneath; of hell; vile; lower, further down; lowest, last;
<1 (0, 1, 0) īnfĕri, orum, m. : Comp.
<1 (0, 1, 0) īnfĕr, era, erum : qui est au-dessous, inférieur
<1 (0, 1, 0) īmmēnsum, i, n. : a boundless extent, immense size, boundlessness, immensity
<1 (0, 1, 0) hūmānus, a, um : human; kind; humane, civilized, refined; [~ hostiae => human sacrifice];
<1 (0, 1, 0) hūmānum, i, n. : that which is human, mortal, Dae.
<1 (0, 1, 0) hūmāna, orum, n. : human affairs, the concerns of men, events of life.
<1 (0, 1, 0) hāc, adv. : in this place
<1 (0, 1, 0) făcĭo, is, ere, feci, factum : to make/build/construct/create/cause/do; to have built/made; to fashion; to work (metal);
<1 (0, 1, 0) dīctŭm, i, n. : words/utterance/remark; one's word/promise; saying/maxim; bon mot, witticism;
<1 (0, 1, 0) dĭco, as, are : to dedicate, consecrate, devote any thing to a deity; to deify
<1 (0, 1, 0) căvĕo, es, ere, caui, cautum : to beware, avoid, take precautions/defensive action; to give/get surety; to stipulate;
<1 (0, 1, 0) cārus, chārus, a, um : dear, beloved; costly, precious, valued; high-priced, expensive;
